10:21:06 INFO    [devfolio] lines-of-code-1 sweep 1 (size=200): 0 unique of 0 reported
10:21:06 INFO    [devfolio] 1 lines-of-code-1 -> 0 stored so far
10:21:06 INFO    [devfolio] lines-of-code-1 had no prize-winners (winners are often announced weeks after a hackathon ends)
10:21:06 INFO    [devfolio] crescendo-hackathon-2k22 sweep 1 (size=200): 0 unique of 0 reported
10:21:06 INFO    [devfolio] 2 crescendo-hackathon-2k22 -> 0 stored so far
10:21:06 INFO    [devfolio] crescendo-hackathon-2k22 had no prize-winners (winners are often announced weeks after a hackathon ends)
10:21:06 INFO    [devfolio] developerdeveloper sweep 1 (size=200): 0 unique of 0 reported
10:21:06 INFO    [devfolio] 3 developerdeveloper -> 0 stored so far
10:21:06 INFO    [devfolio] developerdeveloper had no prize-winners (winners are often announced weeks after a hackathon ends)
10:21:06 INFO    [devfolio] prometeo23-blockchain-hackathon sweep 1 (size=200): 0 unique of 0 reported
10:21:06 INFO    [devfolio] 4 prometeo23-blockchain-hackathon -> 0 stored so far
10:21:06 INFO    [devfolio] prometeo23-blockchain-hackathon had no prize-winners (winners are often announced weeks after a hackathon ends)
10:21:06 INFO    [devfolio] abhigya sweep 1 (size=200): 0 unique of 0 reported
10:21:06 INFO    [devfolio] 5 abhigya -> 0 stored so far
10:21:06 INFO    [devfolio] abhigya had no prize-winners (winners are often announced weeks after a hackathon ends)
10:21:06 INFO    [devfolio] ultimate-solution-challenge-2023 sweep 1 (size=200): 0 unique of 0 reported
10:21:06 INFO    [devfolio] 6 ultimate-solution-challenge-2023 -> 0 stored so far
10:21:06 INFO    [devfolio] ultimate-solution-challenge-2023 had no prize-winners (winners are often announced weeks after a hackathon ends)
10:21:06 INFO    [devfolio] buildweek sweep 1 (size=200): 0 unique of 0 reported
10:21:06 INFO    [devfolio] 7 buildweek -> 0 stored so far
10:21:06 INFO    [devfolio] buildweek had no prize-winners (winners are often announced weeks after a hackathon ends)
10:21:06 INFO    [devfolio] hackunicorn-1 sweep 1 (size=200): 0 unique of 0 reported
10:21:06 INFO    [devfolio] 8 hackunicorn-1 -> 0 stored so far
10:21:06 INFO    [devfolio] hackunicorn-1 had no prize-winners (winners are often announced weeks after a hackathon ends)
10:21:06 INFO    [devfolio] h4i sweep 1 (size=200): 3 unique of 3 reported
10:21:06 INFO    [devfolio] 9 h4i -> 3 stored so far
10:21:06 INFO    [devfolio] hackowasp-3 sweep 1 (size=200): 3 unique of 3 reported
10:21:06 INFO    [devfolio] 10 hackowasp-3 -> 6 stored so far
10:21:06 INFO    [devfolio] apoorv-hackathon sweep 1 (size=200): 3 unique of 3 reported
10:21:06 INFO    [devfolio] 11 apoorv-hackathon -> 9 stored so far
10:21:06 INFO    [devfolio] dsc-ciet-octahacks sweep 1 (size=200): 3 unique of 3 reported
10:21:06 INFO    [devfolio] 12 dsc-ciet-octahacks -> 12 stored so far
10:21:06 INFO    [devfolio] hackowasp-4 sweep 1 (size=200): 19 unique of 19 reported
10:21:06 INFO    [devfolio] 13 hackowasp-4 -> 31 stored so far
10:21:06 INFO    [devfolio] ethereumzurich sweep 1 (size=200): 8 unique of 8 reported
10:21:06 INFO    [devfolio] 14 ethereumzurich -> 39 stored so far
10:21:07 INFO    [devfolio] castor-2023 sweep 1 (size=200): 15 unique of 15 reported
10:21:07 INFO    [devfolio] 15 castor-2023 -> 54 stored so far
10:21:09 INFO    [devfolio] inspiron22 sweep 1 (size=200): 5 unique of 5 reported
10:21:09 INFO    [devfolio] 16 inspiron22 -> 59 stored so far
10:21:11 INFO    [devfolio] unscript-2k22 sweep 1 (size=200): 4 unique of 4 reported
10:21:11 INFO    [devfolio] 17 unscript-2k22 -> 63 stored so far
10:21:14 INFO    [devfolio] versionbeta sweep 1 (size=200): 3 unique of 3 reported
10:21:14 INFO    [devfolio] 18 versionbeta -> 66 stored so far
10:21:16 INFO    [devfolio] nakshatra sweep 1 (size=200): 5 unique of 5 reported
10:21:16 INFO    [devfolio] 19 nakshatra -> 71 stored so far
10:21:19 INFO    [devfolio] code-odyssey-2 sweep 1 (size=200): 3 unique of 3 reported
10:21:19 INFO    [devfolio] 20 code-odyssey-2 -> 74 stored so far
10:21:21 INFO    [devfolio] hacktu-3 sweep 1 (size=200): 8 unique of 8 reported
10:21:21 INFO    [devfolio] 21 hacktu-3 -> 82 stored so far
10:21:23 INFO    [devfolio] summit-strive-avenue-of-possibilities sweep 1 (size=200): 5 unique of 5 reported
10:21:24 INFO    [devfolio] 22 summit-strive-avenue-of-possibilities -> 87 stored so far
10:21:26 INFO    [devfolio] the-grand-hackathon sweep 1 (size=200): 3 unique of 3 reported
10:21:26 INFO    [devfolio] 23 the-grand-hackathon -> 90 stored so far
10:21:28 INFO    [devfolio] hint5 sweep 1 (size=200): 20 unique of 20 reported
10:21:28 INFO    [devfolio] 24 hint5 -> 110 stored so far
10:21:31 INFO    [devfolio] covix360 sweep 1 (size=200): 10 unique of 10 reported
10:21:31 INFO    [devfolio] 25 covix360 -> 120 stored so far
10:21:33 INFO    [devfolio] octahacks sweep 1 (size=200): 1 unique of 1 reported
10:21:33 INFO    [devfolio] 26 octahacks -> 121 stored so far
10:21:35 INFO    [devfolio] version-beta-4 sweep 1 (size=200): 3 unique of 3 reported
10:21:35 INFO    [devfolio] 27 version-beta-4 -> 124 stored so far
10:21:38 INFO    [devfolio] apscript sweep 1 (size=200): 9 unique of 9 reported
10:21:38 INFO    [devfolio] 28 apscript -> 133 stored so far
10:21:40 INFO    [devfolio] spirit-hack sweep 1 (size=200): 3 unique of 3 reported
10:21:40 INFO    [devfolio] 29 spirit-hack -> 136 stored so far
10:21:42 INFO    [devfolio] phcet sweep 1 (size=200): 3 unique of 3 reported
10:21:43 INFO    [devfolio] 30 phcet -> 139 stored so far
10:21:45 INFO    [devfolio] gdscwow sweep 1 (size=200): 7 unique of 7 reported
10:21:45 INFO    [devfolio] 31 gdscwow -> 146 stored so far
10:21:48 INFO    [devfolio] thepythonweek sweep 1 (size=200): 5 unique of 5 reported
10:21:48 INFO    [devfolio] 32 thepythonweek -> 151 stored so far
10:21:50 INFO    [devfolio] techeden sweep 1 (size=200): 3 unique of 3 reported
10:21:50 INFO    [devfolio] 33 techeden -> 154 stored so far
10:21:53 INFO    [devfolio] hacking-heist sweep 1 (size=200): 7 unique of 7 reported
10:21:53 INFO    [devfolio] 34 hacking-heist -> 161 stored so far
10:21:54 INFO    [devfolio] inventio sweep 1 (size=200): 0 unique of 0 reported
10:21:54 INFO    [devfolio] 35 inventio -> 161 stored so far
10:21:54 INFO    [devfolio] inventio had no prize-winners (winners are often announced weeks after a hackathon ends)
10:21:55 INFO    [devfolio] normid2023 sweep 1 (size=200): 0 unique of 0 reported
10:21:55 INFO    [devfolio] 36 normid2023 -> 161 stored so far
10:21:55 INFO    [devfolio] normid2023 had no prize-winners (winners are often announced weeks after a hackathon ends)
10:21:56 INFO    [devfolio] hackwiz-1 sweep 1 (size=200): 0 unique of 0 reported
10:21:56 INFO    [devfolio] 37 hackwiz-1 -> 161 stored so far
10:21:56 INFO    [devfolio] hackwiz-1 had no prize-winners (winners are often announced weeks after a hackathon ends)
10:21:58 INFO    [devfolio] innovista sweep 1 (size=200): 0 unique of 0 reported
10:21:58 INFO    [devfolio] 38 innovista -> 161 stored so far
10:21:58 INFO    [devfolio] innovista had no prize-winners (winners are often announced weeks after a hackathon ends)
10:22:00 INFO    [devfolio] rapidhacks sweep 1 (size=200): 4 unique of 4 reported
10:22:01 INFO    [devfolio] 39 rapidhacks -> 165 stored so far
10:22:01 INFO    [devfolio] hack-sphere sweep 1 (size=200): 0 unique of 0 reported
10:22:01 INFO    [devfolio] 40 hack-sphere -> 165 stored so far
10:22:01 INFO    [devfolio] hack-sphere had no prize-winners (winners are often announced weeks after a hackathon ends)
10:22:03 INFO    [devfolio] technojam sweep 1 (size=200): 0 unique of 0 reported
10:22:03 INFO    [devfolio] 41 technojam -> 165 stored so far
10:22:03 INFO    [devfolio] technojam had no prize-winners (winners are often announced weeks after a hackathon ends)
10:22:04 INFO    [devfolio] hacktopia sweep 1 (size=200): 0 unique of 0 reported
10:22:04 INFO    [devfolio] 42 hacktopia -> 165 stored so far
10:22:04 INFO    [devfolio] hacktopia had no prize-winners (winners are often announced weeks after a hackathon ends)
10:22:05 INFO    [devfolio] codecrush sweep 1 (size=200): 0 unique of 0 reported
10:22:05 INFO    [devfolio] 43 codecrush -> 165 stored so far
10:22:05 INFO    [devfolio] codecrush had no prize-winners (winners are often announced weeks after a hackathon ends)
10:22:07 INFO    [devfolio] hackmaze sweep 1 (size=200): 3 unique of 3 reported
10:22:08 INFO    [devfolio] 44 hackmaze -> 168 stored so far
10:22:09 INFO    [devfolio] royal-kingathon sweep 1 (size=200): 0 unique of 0 reported
10:22:09 INFO    [devfolio] 45 royal-kingathon -> 168 stored so far
10:22:09 INFO    [devfolio] royal-kingathon had no prize-winners (winners are often announced weeks after a hackathon ends)
10:22:10 INFO    [devfolio] inventio2023 sweep 1 (size=200): 0 unique of 0 reported
10:22:10 INFO    [devfolio] 46 inventio2023 -> 168 stored so far
10:22:10 INFO    [devfolio] inventio2023 had no prize-winners (winners are often announced weeks after a hackathon ends)
10:22:11 INFO    [devfolio] debateathon sweep 1 (size=200): 0 unique of 0 reported
10:22:11 INFO    [devfolio] 47 debateathon -> 168 stored so far
10:22:11 INFO    [devfolio] debateathon had no prize-winners (winners are often announced weeks after a hackathon ends)
10:22:13 INFO    [devfolio] dotslash-6 sweep 1 (size=200): 3 unique of 3 reported
10:22:13 INFO    [devfolio] 48 dotslash-6 -> 171 stored so far
10:22:15 INFO    [devfolio] datathon sweep 1 (size=200): 1 unique of 1 reported
10:22:15 INFO    [devfolio] 49 datathon -> 172 stored so far
10:22:16 INFO    [devfolio] bitbybit-1 sweep 1 (size=200): 0 unique of 0 reported
10:22:16 INFO    [devfolio] 50 bitbybit-1 -> 172 stored so far
10:22:16 INFO    [devfolio] bitbybit-1 had no prize-winners (winners are often announced weeks after a hackathon ends)
10:22:18 INFO    [devfolio] kropensourceexpo sweep 1 (size=200): 0 unique of 0 reported
10:22:18 INFO    [devfolio] 51 kropensourceexpo -> 172 stored so far
10:22:18 INFO    [devfolio] kropensourceexpo had no prize-winners (winners are often announced weeks after a hackathon ends)
10:22:19 INFO    [devfolio] wintertowonder sweep 1 (size=200): 0 unique of 0 reported
10:22:19 INFO    [devfolio] 52 wintertowonder -> 172 stored so far
10:22:19 INFO    [devfolio] wintertowonder had no prize-winners (winners are often announced weeks after a hackathon ends)
10:22:20 INFO    [devfolio] cde-kreeper sweep 1 (size=200): 0 unique of 0 reported
10:22:20 INFO    [devfolio] 53 cde-kreeper -> 172 stored so far
10:22:20 INFO    [devfolio] cde-kreeper had no prize-winners (winners are often announced weeks after a hackathon ends)
10:22:22 INFO    [devfolio] techtreck24 sweep 1 (size=200): 0 unique of 0 reported
10:22:22 INFO    [devfolio] 54 techtreck24 -> 172 stored so far
10:22:22 INFO    [devfolio] techtreck24 had no prize-winners (winners are often announced weeks after a hackathon ends)
10:22:23 INFO    [devfolio] rubix-2 sweep 1 (size=200): 0 unique of 0 reported
10:22:23 INFO    [devfolio] 55 rubix-2 -> 172 stored so far
10:22:23 INFO    [devfolio] rubix-2 had no prize-winners (winners are often announced weeks after a hackathon ends)
10:22:24 INFO    [devfolio] quantathon sweep 1 (size=200): 0 unique of 0 reported
10:22:24 INFO    [devfolio] 56 quantathon -> 172 stored so far
10:22:24 INFO    [devfolio] quantathon had no prize-winners (winners are often announced weeks after a hackathon ends)
10:22:26 INFO    [devfolio] hackwave-23 sweep 1 (size=200): 2 unique of 2 reported
10:22:26 INFO    [devfolio] 57 hackwave-23 -> 174 stored so far
10:22:29 INFO    [devfolio] loc-lines-of-code sweep 1 (size=200): 6 unique of 6 reported
10:22:29 INFO    [devfolio] 58 loc-lines-of-code -> 180 stored so far
10:22:30 INFO    [devfolio] cic-buildathon sweep 1 (size=200): 0 unique of 0 reported
10:22:30 INFO    [devfolio] 59 cic-buildathon -> 180 stored so far
10:22:30 INFO    [devfolio] cic-buildathon had no prize-winners (winners are often announced weeks after a hackathon ends)
10:22:32 INFO    [devfolio] hackmania sweep 1 (size=200): 1 unique of 1 reported
10:22:32 INFO    [devfolio] 60 hackmania -> 181 stored so far
10:22:34 INFO    [devfolio] execute3 sweep 1 (size=200): 0 unique of 0 reported
10:22:34 INFO    [devfolio] 61 execute3 -> 181 stored so far
10:22:34 INFO    [devfolio] execute3 had no prize-winners (winners are often announced weeks after a hackathon ends)
10:22:36 INFO    [devfolio] datathon-3 sweep 1 (size=200): 5 unique of 5 reported
10:22:36 INFO    [devfolio] 62 datathon-3 -> 186 stored so far
10:22:37 INFO    [devfolio] hackoverflow-4 sweep 1 (size=200): 0 unique of 0 reported
10:22:37 INFO    [devfolio] 63 hackoverflow-4 -> 186 stored so far
10:22:37 INFO    [devfolio] hackoverflow-4 had no prize-winners (winners are often announced weeks after a hackathon ends)
10:22:39 INFO    [devfolio] pitchathon sweep 1 (size=200): 0 unique of 0 reported
10:22:39 INFO    [devfolio] 64 pitchathon -> 186 stored so far
10:22:39 INFO    [devfolio] pitchathon had no prize-winners (winners are often announced weeks after a hackathon ends)
10:22:40 INFO    [devfolio] buildindia sweep 1 (size=200): 0 unique of 0 reported
10:22:40 INFO    [devfolio] 65 buildindia -> 186 stored so far
10:22:40 INFO    [devfolio] buildindia had no prize-winners (winners are often announced weeks after a hackathon ends)
10:22:41 INFO    [devfolio] tif2 sweep 1 (size=200): 0 unique of 0 reported
10:22:41 INFO    [devfolio] 66 tif2 -> 186 stored so far
10:22:41 INFO    [devfolio] tif2 had no prize-winners (winners are often announced weeks after a hackathon ends)
10:22:42 INFO    [devfolio] hackoverflow-6 sweep 1 (size=200): 0 unique of 0 reported
10:22:42 INFO    [devfolio] 67 hackoverflow-6 -> 186 stored so far
10:22:42 INFO    [devfolio] hackoverflow-6 had no prize-winners (winners are often announced weeks after a hackathon ends)
10:22:43 INFO    [devfolio] hackdcrust sweep 1 (size=200): 0 unique of 0 reported
10:22:43 INFO    [devfolio] 68 hackdcrust -> 186 stored so far
10:22:43 INFO    [devfolio] hackdcrust had no prize-winners (winners are often announced weeks after a hackathon ends)
10:22:44 INFO    [devfolio] everest-hack sweep 1 (size=200): 0 unique of 0 reported
10:22:44 INFO    [devfolio] 69 everest-hack -> 186 stored so far
10:22:44 INFO    [devfolio] everest-hack had no prize-winners (winners are often announced weeks after a hackathon ends)
10:22:46 INFO    [devfolio] hackabit sweep 1 (size=200): 0 unique of 0 reported
10:22:46 INFO    [devfolio] 70 hackabit -> 186 stored so far
10:22:46 INFO    [devfolio] hackabit had no prize-winners (winners are often announced weeks after a hackathon ends)
10:22:47 INFO    [devfolio] hackonhills sweep 1 (size=200): 0 unique of 0 reported
10:22:47 INFO    [devfolio] 71 hackonhills -> 186 stored so far
10:22:47 INFO    [devfolio] hackonhills had no prize-winners (winners are often announced weeks after a hackathon ends)
10:22:48 INFO    [devfolio] hackinit sweep 1 (size=200): 0 unique of 0 reported
10:22:48 INFO    [devfolio] 72 hackinit -> 186 stored so far
10:22:48 INFO    [devfolio] hackinit had no prize-winners (winners are often announced weeks after a hackathon ends)
10:22:49 INFO    [devfolio] hackvsit sweep 1 (size=200): 0 unique of 0 reported
10:22:49 INFO    [devfolio] 73 hackvsit -> 186 stored so far
10:22:49 INFO    [devfolio] hackvsit had no prize-winners (winners are often announced weeks after a hackathon ends)
10:22:50 INFO    [devfolio] design-equipix sweep 1 (size=200): 0 unique of 0 reported
10:22:50 INFO    [devfolio] 74 design-equipix -> 186 stored so far
10:22:50 INFO    [devfolio] design-equipix had no prize-winners (winners are often announced weeks after a hackathon ends)
10:22:52 INFO    [devfolio] hackoff sweep 1 (size=200): 0 unique of 0 reported
10:22:52 INFO    [devfolio] 75 hackoff -> 186 stored so far
10:22:52 INFO    [devfolio] hackoff had no prize-winners (winners are often announced weeks after a hackathon ends)
10:22:53 INFO    [devfolio] wizathon sweep 1 (size=200): 0 unique of 0 reported
10:22:53 INFO    [devfolio] 76 wizathon -> 186 stored so far
10:22:53 INFO    [devfolio] wizathon had no prize-winners (winners are often announced weeks after a hackathon ends)
10:22:54 INFO    [devfolio] electrothon sweep 1 (size=200): 0 unique of 0 reported
10:22:54 INFO    [devfolio] 77 electrothon -> 186 stored so far
10:22:54 INFO    [devfolio] electrothon had no prize-winners (winners are often announced weeks after a hackathon ends)
10:22:55 INFO    [devfolio] webster2k20 sweep 1 (size=200): 0 unique of 0 reported
10:22:55 INFO    [devfolio] 78 webster2k20 -> 186 stored so far
10:22:55 INFO    [devfolio] webster2k20 had no prize-winners (winners are often announced weeks after a hackathon ends)
10:22:56 INFO    [devfolio] teckathon sweep 1 (size=200): 0 unique of 0 reported
10:22:56 INFO    [devfolio] 79 teckathon -> 186 stored so far
10:22:56 INFO    [devfolio] teckathon had no prize-winners (winners are often announced weeks after a hackathon ends)
10:22:57 INFO    [devfolio] hack-nitp sweep 1 (size=200): 0 unique of 0 reported
10:22:57 INFO    [devfolio] 80 hack-nitp -> 186 stored so far
10:22:57 INFO    [devfolio] hack-nitp had no prize-winners (winners are often announced weeks after a hackathon ends)
10:22:59 INFO    [devfolio] version-beta-4-2023 sweep 1 (size=200): 0 unique of 0 reported
10:22:59 INFO    [devfolio] 81 version-beta-4-2023 -> 186 stored so far
10:22:59 INFO    [devfolio] version-beta-4-2023 had no prize-winners (winners are often announced weeks after a hackathon ends)
10:23:00 INFO    [devfolio] story-buildathon sweep 1 (size=200): 0 unique of 0 reported
10:23:00 INFO    [devfolio] 82 story-buildathon -> 186 stored so far
10:23:00 INFO    [devfolio] story-buildathon had no prize-winners (winners are often announced weeks after a hackathon ends)
10:23:01 INFO    [devfolio] codeutsava-7 sweep 1 (size=200): 0 unique of 0 reported
10:23:01 INFO    [devfolio] 83 codeutsava-7 -> 186 stored so far
10:23:01 INFO    [devfolio] codeutsava-7 had no prize-winners (winners are often announced weeks after a hackathon ends)
10:23:02 INFO    [devfolio] wowhackathon sweep 1 (size=200): 0 unique of 0 reported
10:23:02 INFO    [devfolio] 84 wowhackathon -> 186 stored so far
10:23:02 INFO    [devfolio] wowhackathon had no prize-winners (winners are often announced weeks after a hackathon ends)
10:23:04 INFO    [devfolio] hakxite1 sweep 1 (size=200): 3 unique of 3 reported
10:23:05 INFO    [devfolio] 85 hakxite1 -> 189 stored so far
10:23:06 INFO    [devfolio] techathon-3 sweep 1 (size=200): 0 unique of 0 reported
10:23:06 INFO    [devfolio] 86 techathon-3 -> 189 stored so far
10:23:06 INFO    [devfolio] techathon-3 had no prize-winners (winners are often announced weeks after a hackathon ends)
10:23:08 INFO    [devfolio] innovate2 sweep 1 (size=200): 3 unique of 3 reported
10:23:08 INFO    [devfolio] 87 innovate2 -> 192 stored so far
10:23:11 INFO    [devfolio] synapse sweep 1 (size=200): 3 unique of 3 reported
10:23:11 INFO    [devfolio] 88 synapse -> 195 stored so far
10:23:13 INFO    [devfolio] hackoverflow07 sweep 1 (size=200): 4 unique of 4 reported
10:23:13 INFO    [devfolio] 89 hackoverflow07 -> 199 stored so far
10:23:14 INFO    [devfolio] hackrush-24 sweep 1 (size=200): 0 unique of 0 reported
10:23:14 INFO    [devfolio] 90 hackrush-24 -> 199 stored so far
10:23:14 INFO    [devfolio] hackrush-24 had no prize-winners (winners are often announced weeks after a hackathon ends)
10:23:15 INFO    [devfolio] summer-hack sweep 1 (size=200): 0 unique of 0 reported
10:23:15 INFO    [devfolio] 91 summer-hack -> 199 stored so far
10:23:15 INFO    [devfolio] summer-hack had no prize-winners (winners are often announced weeks after a hackathon ends)
10:23:16 INFO    [devfolio] codeclash sweep 1 (size=200): 0 unique of 0 reported
10:23:16 INFO    [devfolio] 92 codeclash -> 199 stored so far
10:23:16 INFO    [devfolio] codeclash had no prize-winners (winners are often announced weeks after a hackathon ends)
10:23:18 INFO    [devfolio] ethbratislava2024 sweep 1 (size=200): 0 unique of 0 reported
10:23:18 INFO    [devfolio] 93 ethbratislava2024 -> 199 stored so far
10:23:18 INFO    [devfolio] ethbratislava2024 had no prize-winners (winners are often announced weeks after a hackathon ends)
10:23:19 INFO    [devfolio] spaceappsghaziabad sweep 1 (size=200): 0 unique of 0 reported
10:23:19 INFO    [devfolio] 94 spaceappsghaziabad -> 199 stored so far
10:23:19 INFO    [devfolio] spaceappsghaziabad had no prize-winners (winners are often announced weeks after a hackathon ends)
10:23:20 INFO    [devfolio] hackoffv4 sweep 1 (size=200): 0 unique of 0 reported
10:23:20 INFO    [devfolio] 95 hackoffv4 -> 199 stored so far
10:23:20 INFO    [devfolio] hackoffv4 had no prize-winners (winners are often announced weeks after a hackathon ends)
10:23:21 INFO    [devfolio] hackfest-24 sweep 1 (size=200): 0 unique of 0 reported
10:23:21 INFO    [devfolio] 96 hackfest-24 -> 199 stored so far
10:23:21 INFO    [devfolio] hackfest-24 had no prize-winners (winners are often announced weeks after a hackathon ends)
10:23:24 INFO    [devfolio] matrix2 sweep 1 (size=200): 3 unique of 3 reported
10:23:24 INFO    [devfolio] 97 matrix2 -> 202 stored so far
10:23:26 INFO    [devfolio] hackwithdelhi sweep 1 (size=200): 8 unique of 8 reported
10:23:26 INFO    [devfolio] 98 hackwithdelhi -> 210 stored so far
10:23:27 INFO    [devfolio] world-chain-ctf sweep 1 (size=200): 0 unique of 0 reported
10:23:27 INFO    [devfolio] 99 world-chain-ctf -> 210 stored so far
10:23:27 INFO    [devfolio] world-chain-ctf had no prize-winners (winners are often announced weeks after a hackathon ends)
10:23:28 INFO    [devfolio] hackocto2 sweep 1 (size=200): 0 unique of 0 reported
10:23:28 INFO    [devfolio] 100 hackocto2 -> 210 stored so far
10:23:28 INFO    [devfolio] hackocto2 had no prize-winners (winners are often announced weeks after a hackathon ends)
10:23:29 INFO    [devfolio] trivium sweep 1 (size=200): 0 unique of 0 reported
10:23:29 INFO    [devfolio] 101 trivium -> 210 stored so far
10:23:29 INFO    [devfolio] trivium had no prize-winners (winners are often announced weeks after a hackathon ends)
10:23:30 INFO    [devfolio] hacktonix2025phnx sweep 1 (size=200): 0 unique of 0 reported
10:23:30 INFO    [devfolio] 102 hacktonix2025phnx -> 210 stored so far
10:23:30 INFO    [devfolio] hacktonix2025phnx had no prize-winners (winners are often announced weeks after a hackathon ends)
10:23:32 INFO    [devfolio] lionhack sweep 1 (size=200): 26 unique of 26 reported
10:23:33 INFO    [devfolio] 103 lionhack -> 236 stored so far
10:23:33 INFO    [devfolio] recurzivev2 sweep 1 (size=200): 0 unique of 0 reported
10:23:33 INFO    [devfolio] 104 recurzivev2 -> 236 stored so far
10:23:33 INFO    [devfolio] recurzivev2 had no prize-winners (winners are often announced weeks after a hackathon ends)
10:23:36 INFO    [devfolio] onchain-ai-london sweep 1 (size=200): 6 unique of 6 reported
10:23:36 INFO    [devfolio] 105 onchain-ai-london -> 242 stored so far
10:23:37 INFO    [devfolio] gameforge sweep 1 (size=200): 0 unique of 0 reported
10:23:37 INFO    [devfolio] 106 gameforge -> 242 stored so far
10:23:37 INFO    [devfolio] gameforge had no prize-winners (winners are often announced weeks after a hackathon ends)
10:23:39 INFO    [devfolio] nextquantum2 sweep 1 (size=200): 3 unique of 3 reported
10:23:39 INFO    [devfolio] 107 nextquantum2 -> 245 stored so far
10:23:40 INFO    [devfolio] techtrek sweep 1 (size=200): 0 unique of 0 reported
10:23:40 INFO    [devfolio] 108 techtrek -> 245 stored so far
10:23:40 INFO    [devfolio] techtrek had no prize-winners (winners are often announced weeks after a hackathon ends)
10:23:42 INFO    [devfolio] holboxathon sweep 1 (size=200): 0 unique of 0 reported
10:23:42 INFO    [devfolio] 109 holboxathon -> 245 stored so far
10:23:42 INFO    [devfolio] holboxathon had no prize-winners (winners are often announced weeks after a hackathon ends)
10:23:44 INFO    [devfolio] janus sweep 1 (size=200): 7 unique of 7 reported
10:23:44 INFO    [devfolio] 110 janus -> 252 stored so far
10:23:45 INFO    [devfolio] code-with-dcg sweep 1 (size=200): 0 unique of 0 reported
10:23:45 INFO    [devfolio] 111 code-with-dcg -> 252 stored so far
10:23:45 INFO    [devfolio] code-with-dcg had no prize-winners (winners are often announced weeks after a hackathon ends)
10:23:46 INFO    [devfolio] aptos-winterschool sweep 1 (size=200): 0 unique of 0 reported
10:23:46 INFO    [devfolio] 112 aptos-winterschool -> 252 stored so far
10:23:46 INFO    [devfolio] aptos-winterschool had no prize-winners (winners are often announced weeks after a hackathon ends)
10:23:48 INFO    [devfolio] metis-hyperhack sweep 1 (size=200): 0 unique of 0 reported
10:23:48 INFO    [devfolio] 113 metis-hyperhack -> 252 stored so far
10:23:48 INFO    [devfolio] metis-hyperhack had no prize-winners (winners are often announced weeks after a hackathon ends)
10:23:49 INFO    [devfolio] yuvaaithon sweep 1 (size=200): 0 unique of 0 reported
10:23:49 INFO    [devfolio] 114 yuvaaithon -> 252 stored so far
10:23:49 INFO    [devfolio] yuvaaithon had no prize-winners (winners are often announced weeks after a hackathon ends)
10:23:50 INFO    [devfolio] datanyx sweep 1 (size=200): 0 unique of 0 reported
10:23:50 INFO    [devfolio] 115 datanyx -> 252 stored so far
10:23:50 INFO    [devfolio] datanyx had no prize-winners (winners are often announced weeks after a hackathon ends)
10:23:51 INFO    [devfolio] emerge sweep 1 (size=200): 0 unique of 0 reported
10:23:51 INFO    [devfolio] 116 emerge -> 252 stored so far
10:23:51 INFO    [devfolio] emerge had no prize-winners (winners are often announced weeks after a hackathon ends)
10:23:52 INFO    [devfolio] tryouts sweep 1 (size=200): 0 unique of 0 reported
10:23:52 INFO    [devfolio] 117 tryouts -> 252 stored so far
10:23:52 INFO    [devfolio] tryouts had no prize-winners (winners are often announced weeks after a hackathon ends)
10:23:54 INFO    [devfolio] defy-26 sweep 1 (size=200): 0 unique of 0 reported
10:23:54 INFO    [devfolio] 118 defy-26 -> 252 stored so far
10:23:54 INFO    [devfolio] defy-26 had no prize-winners (winners are often announced weeks after a hackathon ends)
10:23:55 INFO    [devfolio] ieee-ml-presents-the-spark sweep 1 (size=200): 0 unique of 0 reported
10:23:55 INFO    [devfolio] 119 ieee-ml-presents-the-spark -> 252 stored so far
10:23:55 INFO    [devfolio] ieee-ml-presents-the-spark had no prize-winners (winners are often announced weeks after a hackathon ends)
10:23:56 INFO    [devfolio] lumora sweep 1 (size=200): 0 unique of 0 reported
10:23:56 INFO    [devfolio] 120 lumora -> 252 stored so far
10:23:56 INFO    [devfolio] lumora had no prize-winners (winners are often announced weeks after a hackathon ends)
10:23:58 INFO    [devfolio] onload2020 sweep 1 (size=200): 0 unique of 0 reported
10:23:58 INFO    [devfolio] 121 onload2020 -> 252 stored so far
10:23:58 INFO    [devfolio] onload2020 had no prize-winners (winners are often announced weeks after a hackathon ends)
10:23:59 INFO    [devfolio] hackthehourglass sweep 1 (size=200): 0 unique of 0 reported
10:23:59 INFO    [devfolio] 122 hackthehourglass -> 252 stored so far
10:23:59 INFO    [devfolio] hackthehourglass had no prize-winners (winners are often announced weeks after a hackathon ends)
10:24:00 INFO    [devfolio] hackjaipur sweep 1 (size=200): 0 unique of 0 reported
10:24:00 INFO    [devfolio] 123 hackjaipur -> 252 stored so far
10:24:00 INFO    [devfolio] hackjaipur had no prize-winners (winners are often announced weeks after a hackathon ends)
10:24:01 INFO    [devfolio] winter-of-code sweep 1 (size=200): 0 unique of 0 reported
10:24:01 INFO    [devfolio] 124 winter-of-code -> 252 stored so far
10:24:01 INFO    [devfolio] winter-of-code had no prize-winners (winners are often announced weeks after a hackathon ends)
10:24:04 INFO    [devfolio] asjx sweep 1 (size=200): 3 unique of 3 reported
10:24:04 INFO    [devfolio] 125 asjx -> 255 stored so far
10:24:05 INFO    [devfolio] tic-tech-toe sweep 1 (size=200): 0 unique of 0 reported
10:24:05 INFO    [devfolio] 126 tic-tech-toe -> 255 stored so far
10:24:05 INFO    [devfolio] tic-tech-toe had no prize-winners (winners are often announced weeks after a hackathon ends)
10:24:07 INFO    [devfolio] odetocode sweep 1 (size=200): 1 unique of 1 reported
10:24:07 INFO    [devfolio] 127 odetocode -> 256 stored so far
10:24:09 INFO    [devfolio] hack-with-cw sweep 1 (size=200): 0 unique of 0 reported
10:24:09 INFO    [devfolio] 128 hack-with-cw -> 256 stored so far
10:24:09 INFO    [devfolio] hack-with-cw had no prize-winners (winners are often announced weeks after a hackathon ends)
10:24:11 INFO    [devfolio] hacked sweep 1 (size=200): 3 unique of 3 reported
10:24:11 INFO    [devfolio] 129 hacked -> 259 stored so far
10:24:13 INFO    [devfolio] spacejam-2021 sweep 1 (size=200): 15 unique of 15 reported
10:24:13 INFO    [devfolio] 130 spacejam-2021 -> 274 stored so far
10:24:15 INFO    [devfolio] xplore-a-gambit-of-geeks sweep 1 (size=200): 3 unique of 3 reported
10:24:15 INFO    [devfolio] 131 xplore-a-gambit-of-geeks -> 277 stored so far
10:24:18 INFO    [devfolio] ideathon2022 sweep 1 (size=200): 5 unique of 5 reported
10:24:18 INFO    [devfolio] 132 ideathon2022 -> 282 stored so far
10:24:20 INFO    [devfolio] hackprints sweep 1 (size=200): 3 unique of 3 reported
10:24:20 INFO    [devfolio] 133 hackprints -> 285 stored so far
10:24:21 INFO    [devfolio] hacksync-7 sweep 1 (size=200): 0 unique of 0 reported
10:24:21 INFO    [devfolio] 134 hacksync-7 -> 285 stored so far
10:24:21 INFO    [devfolio] hacksync-7 had no prize-winners (winners are often announced weeks after a hackathon ends)
10:24:23 INFO    [devfolio] ethindiagrants2022 sweep 1 (size=200): 0 unique of 0 reported
10:24:23 INFO    [devfolio] 135 ethindiagrants2022 -> 285 stored so far
10:24:23 INFO    [devfolio] ethindiagrants2022 had no prize-winners (winners are often announced weeks after a hackathon ends)
10:24:25 INFO    [devfolio] solana-hackday-delhi sweep 1 (size=200): 11 unique of 11 reported
10:24:25 INFO    [devfolio] 136 solana-hackday-delhi -> 296 stored so far
10:24:26 INFO    [devfolio] code-kshetra sweep 1 (size=200): 0 unique of 0 reported
10:24:26 INFO    [devfolio] 137 code-kshetra -> 296 stored so far
10:24:26 INFO    [devfolio] code-kshetra had no prize-winners (winners are often announced weeks after a hackathon ends)
10:24:28 INFO    [devfolio] hackatsits sweep 1 (size=200): 0 unique of 0 reported
10:24:28 INFO    [devfolio] 138 hackatsits -> 296 stored so far
10:24:28 INFO    [devfolio] hackatsits had no prize-winners (winners are often announced weeks after a hackathon ends)
10:24:29 INFO    [devfolio] smart-punjab-hack sweep 1 (size=200): 0 unique of 0 reported
10:24:29 INFO    [devfolio] 139 smart-punjab-hack -> 296 stored so far
10:24:29 INFO    [devfolio] smart-punjab-hack had no prize-winners (winners are often announced weeks after a hackathon ends)
10:24:31 INFO    [devfolio] nextquantum sweep 1 (size=200): 2 unique of 2 reported
10:24:31 INFO    [devfolio] 140 nextquantum -> 298 stored so far
10:24:34 INFO    [devfolio] amritathon sweep 1 (size=200): 1 unique of 1 reported
10:24:34 INFO    [devfolio] 141 amritathon -> 299 stored so far
10:24:37 INFO    [devfolio] ideate-ieeenitb sweep 1 (size=200): 3 unique of 3 reported
10:24:37 INFO    [devfolio] 142 ideate-ieeenitb -> 302 stored so far
10:24:38 INFO    [devfolio] icc sweep 1 (size=200): 0 unique of 0 reported
10:24:38 INFO    [devfolio] 143 icc -> 302 stored so far
10:24:38 INFO    [devfolio] icc had no prize-winners (winners are often announced weeks after a hackathon ends)
10:24:40 INFO    [devfolio] ku-hackfest-2022 sweep 1 (size=200): 12 unique of 12 reported
10:24:40 INFO    [devfolio] 144 ku-hackfest-2022 -> 313 stored so far
10:24:43 INFO    [devfolio] delphi sweep 1 (size=200): 4 unique of 4 reported
10:24:43 INFO    [devfolio] 145 delphi -> 317 stored so far
10:24:44 INFO    [devfolio] edu-hack sweep 1 (size=200): 0 unique of 0 reported
10:24:44 INFO    [devfolio] 146 edu-hack -> 317 stored so far
10:24:44 INFO    [devfolio] edu-hack had no prize-winners (winners are often announced weeks after a hackathon ends)
10:24:45 INFO    [devfolio] dch2 sweep 1 (size=200): 0 unique of 0 reported
10:24:45 INFO    [devfolio] 147 dch2 -> 317 stored so far
10:24:45 INFO    [devfolio] dch2 had no prize-winners (winners are often announced weeks after a hackathon ends)
10:24:48 INFO    [devfolio] hackzon2023 sweep 1 (size=200): 15 unique of 15 reported
10:24:48 INFO    [devfolio] 148 hackzon2023 -> 332 stored so far
10:24:50 INFO    [devfolio] vertexhacks sweep 1 (size=200): 5 unique of 5 reported
10:24:50 INFO    [devfolio] 149 vertexhacks -> 337 stored so far
10:24:52 INFO    [devfolio] unfold sweep 1 (size=200): 42 unique of 42 reported
10:24:52 INFO    [devfolio] 150 unfold -> 379 stored so far
10:24:55 INFO    [devfolio] layer sweep 1 (size=200): 4 unique of 4 reported
10:24:55 INFO    [devfolio] 151 layer -> 383 stored so far
10:24:57 INFO    [devfolio] etherpunk sweep 1 (size=200): 21 unique of 21 reported
10:24:57 INFO    [devfolio] 152 etherpunk -> 404 stored so far
10:25:00 INFO    [devfolio] ethodyssey sweep 1 (size=200): 30 unique of 30 reported
10:25:00 INFO    [devfolio] 153 ethodyssey -> 434 stored so far
10:25:02 INFO    [devfolio] the-network-state-hackathon sweep 1 (size=200): 13 unique of 13 reported
10:25:02 INFO    [devfolio] 154 the-network-state-hackathon -> 447 stored so far
10:25:04 INFO    [devfolio] unscript2k23 sweep 1 (size=200): 6 unique of 6 reported
10:25:04 INFO    [devfolio] 155 unscript2k23 -> 453 stored so far
10:25:06 INFO    [devfolio] diversion2k23 sweep 1 (size=200): 6 unique of 6 reported
10:25:06 INFO    [devfolio] 156 diversion2k23 -> 459 stored so far
10:25:09 INFO    [devfolio] flow-hackathon-s2 sweep 1 (size=200): 34 unique of 34 reported
10:25:09 INFO    [devfolio] 157 flow-hackathon-s2 -> 493 stored so far
10:25:10 INFO    [devfolio] hack-the-tank sweep 1 (size=200): 0 unique of 0 reported
10:25:10 INFO    [devfolio] 158 hack-the-tank -> 493 stored so far
10:25:10 INFO    [devfolio] hack-the-tank had no prize-winners (winners are often announced weeks after a hackathon ends)
10:25:12 INFO    [devfolio] nawabathon sweep 1 (size=200): 13 unique of 13 reported
10:25:12 INFO    [devfolio] 159 nawabathon -> 504 stored so far
10:25:15 INFO    [devfolio] hackvgec2023 sweep 1 (size=200): 6 unique of 6 reported
10:25:15 INFO    [devfolio] 160 hackvgec2023 -> 510 stored so far
10:25:16 INFO    [devfolio] hackinnovate sweep 1 (size=200): 0 unique of 0 reported
10:25:16 INFO    [devfolio] 161 hackinnovate -> 510 stored so far
10:25:16 INFO    [devfolio] hackinnovate had no prize-winners (winners are often announced weeks after a hackathon ends)
10:25:18 INFO    [devfolio] hackitup sweep 1 (size=200): 4 unique of 4 reported
10:25:18 INFO    [devfolio] 162 hackitup -> 514 stored so far
10:25:19 INFO    [devfolio] hacknchill-1 sweep 1 (size=200): 0 unique of 0 reported
10:25:19 INFO    [devfolio] 163 hacknchill-1 -> 514 stored so far
10:25:19 INFO    [devfolio] hacknchill-1 had no prize-winners (winners are often announced weeks after a hackathon ends)
10:25:21 INFO    [devfolio] hack-a-mania sweep 1 (size=200): 0 unique of 0 reported
10:25:21 INFO    [devfolio] 164 hack-a-mania -> 514 stored so far
10:25:21 INFO    [devfolio] hack-a-mania had no prize-winners (winners are often announced weeks after a hackathon ends)
10:25:23 INFO    [devfolio] hackcec sweep 1 (size=200): 1 unique of 1 reported
10:25:23 INFO    [devfolio] 165 hackcec -> 515 stored so far
10:25:26 INFO    [devfolio] digifi-buildathon-1 sweep 1 (size=200): 5 unique of 5 reported
10:25:26 INFO    [devfolio] 166 digifi-buildathon-1 -> 520 stored so far
10:25:27 INFO    [devfolio] hacking-health-2023 sweep 1 (size=200): 0 unique of 0 reported
10:25:27 INFO    [devfolio] 167 hacking-health-2023 -> 520 stored so far
10:25:27 INFO    [devfolio] hacking-health-2023 had no prize-winners (winners are often announced weeks after a hackathon ends)
10:25:29 INFO    [devfolio] hackarch sweep 1 (size=200): 0 unique of 0 reported
10:25:29 INFO    [devfolio] 168 hackarch -> 520 stored so far
10:25:29 INFO    [devfolio] hackarch had no prize-winners (winners are often announced weeks after a hackathon ends)
10:25:30 INFO    [devfolio] codeissance2023 sweep 1 (size=200): 0 unique of 0 reported
10:25:30 INFO    [devfolio] 169 codeissance2023 -> 520 stored so far
10:25:30 INFO    [devfolio] codeissance2023 had no prize-winners (winners are often announced weeks after a hackathon ends)
10:25:31 INFO    [devfolio] sankalp sweep 1 (size=200): 0 unique of 0 reported
10:25:31 INFO    [devfolio] 170 sankalp -> 520 stored so far
10:25:31 INFO    [devfolio] sankalp had no prize-winners (winners are often announced weeks after a hackathon ends)
10:25:32 INFO    [devfolio] frostcode2023 sweep 1 (size=200): 0 unique of 0 reported
10:25:32 INFO    [devfolio] 171 frostcode2023 -> 520 stored so far
10:25:32 INFO    [devfolio] frostcode2023 had no prize-winners (winners are often announced weeks after a hackathon ends)
10:25:35 INFO    [devfolio] hackthecrisis30 sweep 1 (size=200): 2 unique of 2 reported
10:25:35 INFO    [devfolio] 172 hackthecrisis30 -> 522 stored so far
10:25:36 INFO    [devfolio] defy2024 sweep 1 (size=200): 0 unique of 0 reported
10:25:36 INFO    [devfolio] 173 defy2024 -> 522 stored so far
10:25:36 INFO    [devfolio] defy2024 had no prize-winners (winners are often announced weeks after a hackathon ends)
10:25:37 INFO    [devfolio] dpbhjisce2023 sweep 1 (size=200): 0 unique of 0 reported
10:25:37 INFO    [devfolio] 174 dpbhjisce2023 -> 522 stored so far
10:25:37 INFO    [devfolio] dpbhjisce2023 had no prize-winners (winners are often announced weeks after a hackathon ends)
10:25:40 INFO    [devfolio] hackprints-2 sweep 1 (size=200): 3 unique of 3 reported
10:25:40 INFO    [devfolio] 175 hackprints-2 -> 525 stored so far
10:25:42 INFO    [devfolio] synrgy-1 sweep 1 (size=200): 3 unique of 3 reported
10:25:42 INFO    [devfolio] 176 synrgy-1 -> 528 stored so far
10:25:44 INFO    [devfolio] hacknitr5 sweep 1 (size=200): 8 unique of 8 reported
10:25:44 INFO    [devfolio] 177 hacknitr5 -> 536 stored so far
10:25:47 INFO    [devfolio] hackachange sweep 1 (size=200): 3 unique of 3 reported
10:25:47 INFO    [devfolio] 178 hackachange -> 539 stored so far
10:25:48 INFO    [devfolio] hackhaven-1 sweep 1 (size=200): 0 unique of 0 reported
10:25:48 INFO    [devfolio] 179 hackhaven-1 -> 539 stored so far
10:25:48 INFO    [devfolio] hackhaven-1 had no prize-winners (winners are often announced weeks after a hackathon ends)
10:25:51 INFO    [devfolio] acehack-3 sweep 1 (size=200): 3 unique of 3 reported
10:25:51 INFO    [devfolio] 180 acehack-3 -> 542 stored so far
10:25:52 INFO    [devfolio] code-rave sweep 1 (size=200): 0 unique of 0 reported
10:25:52 INFO    [devfolio] 181 code-rave -> 542 stored so far
10:25:52 INFO    [devfolio] code-rave had no prize-winners (winners are often announced weeks after a hackathon ends)
10:25:54 INFO    [devfolio] smart-bengal-hackathon-1 sweep 1 (size=200): 0 unique of 0 reported
10:25:54 INFO    [devfolio] 182 smart-bengal-hackathon-1 -> 542 stored so far
10:25:54 INFO    [devfolio] smart-bengal-hackathon-1 had no prize-winners (winners are often announced weeks after a hackathon ends)
10:25:56 INFO    [devfolio] fossasia-hackathon sweep 1 (size=200): 3 unique of 3 reported
10:25:56 INFO    [devfolio] 183 fossasia-hackathon -> 545 stored so far
10:25:58 INFO    [devfolio] hackaccino sweep 1 (size=200): 10 unique of 10 reported
10:25:58 INFO    [devfolio] 184 hackaccino -> 555 stored so far
10:25:59 INFO    [devfolio] hackvsit-5 sweep 1 (size=200): 0 unique of 0 reported
10:25:59 INFO    [devfolio] 185 hackvsit-5 -> 555 stored so far
10:25:59 INFO    [devfolio] hackvsit-5 had no prize-winners (winners are often announced weeks after a hackathon ends)
10:26:02 INFO    [devfolio] webhack sweep 1 (size=200): 3 unique of 3 reported
10:26:02 INFO    [devfolio] 186 webhack -> 558 stored so far
10:26:04 INFO    [devfolio] solveathon sweep 1 (size=200): 3 unique of 3 reported
10:26:04 INFO    [devfolio] 187 solveathon -> 561 stored so far
10:26:07 INFO    [devfolio] wittyhacks4 sweep 1 (size=200): 8 unique of 8 reported
10:26:07 INFO    [devfolio] 188 wittyhacks4 -> 569 stored so far
10:26:09 INFO    [devfolio] devcation-24 sweep 1 (size=200): 4 unique of 4 reported
10:26:09 INFO    [devfolio] 189 devcation-24 -> 573 stored so far
10:26:12 INFO    [devfolio] tictechtoe24 sweep 1 (size=200): 1 unique of 1 reported
10:26:12 INFO    [devfolio] 190 tictechtoe24 -> 574 stored so far
10:26:14 INFO    [devfolio] pechacks2 sweep 1 (size=200): 10 unique of 10 reported
10:26:14 INFO    [devfolio] 191 pechacks2 -> 584 stored so far
10:26:16 INFO    [devfolio] sui-overflow sweep 1 (size=200): 0 unique of 0 reported
10:26:16 INFO    [devfolio] 192 sui-overflow -> 584 stored so far
10:26:16 INFO    [devfolio] sui-overflow had no prize-winners (winners are often announced weeks after a hackathon ends)
10:26:17 INFO    [devfolio] bruteforce sweep 1 (size=200): 0 unique of 0 reported
10:26:17 INFO    [devfolio] 193 bruteforce -> 584 stored so far
10:26:17 INFO    [devfolio] bruteforce had no prize-winners (winners are often announced weeks after a hackathon ends)
10:26:19 INFO    [devfolio] ethkyiv sweep 1 (size=200): 13 unique of 13 reported
10:26:19 INFO    [devfolio] 194 ethkyiv -> 597 stored so far
10:26:21 INFO    [devfolio] turinghacx sweep 1 (size=200): 0 unique of 0 reported
10:26:21 INFO    [devfolio] 195 turinghacx -> 597 stored so far
10:26:21 INFO    [devfolio] turinghacx had no prize-winners (winners are often announced weeks after a hackathon ends)
10:26:22 INFO    [devfolio] softcodehack2 sweep 1 (size=200): 0 unique of 0 reported
10:26:22 INFO    [devfolio] 196 softcodehack2 -> 597 stored so far
10:26:22 INFO    [devfolio] softcodehack2 had no prize-winners (winners are often announced weeks after a hackathon ends)
10:26:24 INFO    [devfolio] hackducs-24 sweep 1 (size=200): 3 unique of 3 reported
10:26:24 INFO    [devfolio] 197 hackducs-24 -> 600 stored so far
10:26:25 INFO    [devfolio] aff sweep 1 (size=200): 0 unique of 0 reported
10:26:25 INFO    [devfolio] 198 aff -> 600 stored so far
10:26:25 INFO    [devfolio] aff had no prize-winners (winners are often announced weeks after a hackathon ends)
10:26:28 INFO    [devfolio] hack-the-solution sweep 1 (size=200): 3 unique of 3 reported
10:26:28 INFO    [devfolio] 199 hack-the-solution -> 603 stored so far
10:26:30 INFO    [devfolio] hackanova2 sweep 1 (size=200): 11 unique of 11 reported
10:26:30 INFO    [devfolio] 200 hackanova2 -> 614 stored so far
10:26:34 INFO    [devfolio] hackofiesta sweep 1 (size=200): 5 unique of 5 reported
10:26:34 INFO    [devfolio] 201 hackofiesta -> 619 stored so far
10:26:36 INFO    [devfolio] hacksvit2022 sweep 1 (size=200): 26 unique of 26 reported
10:26:36 INFO    [devfolio] 202 hacksvit2022 -> 645 stored so far
10:26:37 INFO    [devfolio] neohacks sweep 1 (size=200): 0 unique of 0 reported
10:26:37 INFO    [devfolio] 203 neohacks -> 645 stored so far
10:26:37 INFO    [devfolio] neohacks had no prize-winners (winners are often announced weeks after a hackathon ends)
10:26:39 INFO    [devfolio] iii-interrupt-innovate-iterate sweep 1 (size=200): 4 unique of 4 reported
10:26:39 INFO    [devfolio] 204 iii-interrupt-innovate-iterate -> 649 stored so far
10:26:42 INFO    [devfolio] hackerstellar sweep 1 (size=200): 4 unique of 4 reported
10:26:42 INFO    [devfolio] 205 hackerstellar -> 653 stored so far
10:26:44 INFO    [devfolio] byteverse sweep 1 (size=200): 4 unique of 4 reported
10:26:44 INFO    [devfolio] 206 byteverse -> 657 stored so far
10:26:46 INFO    [devfolio] hackowasp5 sweep 1 (size=200): 4 unique of 4 reported
10:26:46 INFO    [devfolio] 207 hackowasp5 -> 661 stored so far
10:26:47 INFO    [devfolio] sytronix sweep 1 (size=200): 0 unique of 0 reported
10:26:47 INFO    [devfolio] 208 sytronix -> 661 stored so far
10:26:47 INFO    [devfolio] sytronix had no prize-winners (winners are often announced weeks after a hackathon ends)
10:26:50 INFO    [devfolio] hackforshe sweep 1 (size=200): 4 unique of 4 reported
10:26:50 INFO    [devfolio] 209 hackforshe -> 665 stored so far
10:26:53 INFO    [devfolio] engagehackathon2023 sweep 1 (size=200): 3 unique of 3 reported
10:26:53 INFO    [devfolio] 210 engagehackathon2023 -> 668 stored so far
10:26:55 INFO    [devfolio] deerhack24 sweep 1 (size=200): 4 unique of 4 reported
10:26:55 INFO    [devfolio] 211 deerhack24 -> 672 stored so far
10:26:56 INFO    [devfolio] error-hackfest-1 sweep 1 (size=200): 0 unique of 0 reported
10:26:56 INFO    [devfolio] 212 error-hackfest-1 -> 672 stored so far
10:26:56 INFO    [devfolio] error-hackfest-1 had no prize-winners (winners are often announced weeks after a hackathon ends)
10:26:59 INFO    [devfolio] syntax-error-2024 sweep 1 (size=200): 21 unique of 21 reported
10:26:59 INFO    [devfolio] 213 syntax-error-2024 -> 693 stored so far
10:27:00 INFO    [devfolio] out-of-context-24 sweep 1 (size=200): 0 unique of 0 reported
10:27:00 INFO    [devfolio] 214 out-of-context-24 -> 693 stored so far
10:27:00 INFO    [devfolio] out-of-context-24 had no prize-winners (winners are often announced weeks after a hackathon ends)
10:27:02 INFO    [devfolio] startupsaga sweep 1 (size=200): 5 unique of 5 reported
10:27:02 INFO    [devfolio] 215 startupsaga -> 698 stored so far
10:27:05 INFO    [devfolio] start-o-thon sweep 1 (size=200): 5 unique of 5 reported
10:27:05 INFO    [devfolio] 216 start-o-thon -> 703 stored so far
10:27:07 INFO    [devfolio] quiswe sweep 1 (size=200): 4 unique of 4 reported
10:27:07 INFO    [devfolio] 217 quiswe -> 707 stored so far
10:27:10 INFO    [devfolio] hackmas sweep 1 (size=200): 4 unique of 4 reported
10:27:10 INFO    [devfolio] 218 hackmas -> 711 stored so far
10:27:11 INFO    [devfolio] innovate-nsut-22 sweep 1 (size=200): 0 unique of 0 reported
10:27:11 INFO    [devfolio] 219 innovate-nsut-22 -> 711 stored so far
10:27:11 INFO    [devfolio] innovate-nsut-22 had no prize-winners (winners are often announced weeks after a hackathon ends)
10:27:14 INFO    [devfolio] enosium sweep 1 (size=200): 4 unique of 4 reported
10:27:14 INFO    [devfolio] 220 enosium -> 715 stored so far
10:27:16 INFO    [devfolio] hackdefine sweep 1 (size=200): 21 unique of 21 reported
10:27:16 INFO    [devfolio] 221 hackdefine -> 736 stored so far
10:27:17 INFO    [devfolio] vihaan-5 sweep 1 (size=200): 0 unique of 0 reported
10:27:17 INFO    [devfolio] 222 vihaan-5 -> 736 stored so far
10:27:17 INFO    [devfolio] vihaan-5 had no prize-winners (winners are often announced weeks after a hackathon ends)
10:27:20 INFO    [devfolio] hack36 sweep 1 (size=200): 15 unique of 15 reported
10:27:20 INFO    [devfolio] 223 hack36 -> 751 stored so far
10:27:22 INFO    [devfolio] technex22-hackathon sweep 1 (size=200): 3 unique of 3 reported
10:27:22 INFO    [devfolio] 224 technex22-hackathon -> 754 stored so far
10:27:25 INFO    [devfolio] trek-the-hill sweep 1 (size=200): 3 unique of 3 reported
10:27:25 INFO    [devfolio] 225 trek-the-hill -> 757 stored so far
10:27:27 INFO    [devfolio] base-batch-africa sweep 1 (size=200): 13 unique of 13 reported
10:27:27 INFO    [devfolio] 226 base-batch-africa -> 770 stored so far
10:27:29 INFO    [devfolio] base-batch-europe sweep 1 (size=200): 11 unique of 11 reported
10:27:29 INFO    [devfolio] 227 base-batch-europe -> 781 stored so far
10:27:31 INFO    [devfolio] future-ai-builder-2023 sweep 1 (size=200): 0 unique of 0 reported
10:27:31 INFO    [devfolio] 228 future-ai-builder-2023 -> 781 stored so far
10:27:31 INFO    [devfolio] future-ai-builder-2023 had no prize-winners (winners are often announced weeks after a hackathon ends)
10:27:33 INFO    [devfolio] hackhaven2 sweep 1 (size=200): 3 unique of 3 reported
10:27:33 INFO    [devfolio] 229 hackhaven2 -> 784 stored so far
10:27:35 INFO    [devfolio] electrothon-7 sweep 1 (size=200): 8 unique of 8 reported
10:27:35 INFO    [devfolio] 230 electrothon-7 -> 792 stored so far
10:27:38 INFO    [devfolio] buildwithdelhi sweep 1 (size=200): 3 unique of 3 reported
10:27:38 INFO    [devfolio] 231 buildwithdelhi -> 795 stored so far
10:27:40 INFO    [devfolio] ethprague2023 sweep 1 (size=200): 42 unique of 42 reported
10:27:40 INFO    [devfolio] 232 ethprague2023 -> 837 stored so far
10:27:41 INFO    [devfolio] krackhack-2 sweep 1 (size=200): 0 unique of 0 reported
10:27:41 INFO    [devfolio] 233 krackhack-2 -> 837 stored so far
10:27:41 INFO    [devfolio] krackhack-2 had no prize-winners (winners are often announced weeks after a hackathon ends)
10:27:43 INFO    [devfolio] hexafalls sweep 1 (size=200): 3 unique of 3 reported
10:27:43 INFO    [devfolio] 234 hexafalls -> 840 stored so far
10:27:45 INFO    [devfolio] girlathon sweep 1 (size=200): 0 unique of 0 reported
10:27:45 INFO    [devfolio] 235 girlathon -> 840 stored so far
10:27:45 INFO    [devfolio] girlathon had no prize-winners (winners are often announced weeks after a hackathon ends)
10:27:48 INFO    [devfolio] ethdenver2024 sweep 1 (size=200): 118 unique of 118 reported
10:27:48 INFO    [devfolio] 236 ethdenver2024 -> 958 stored so far
10:27:50 INFO    [devfolio] ethbarcelona sweep 1 (size=200): 32 unique of 32 reported
10:27:50 INFO    [devfolio] 237 ethbarcelona -> 990 stored so far
10:27:53 INFO    [devfolio] codezen2025 sweep 1 (size=200): 1 unique of 1 reported
10:27:53 INFO    [devfolio] 238 codezen2025 -> 991 stored so far
10:27:56 INFO    [devfolio] lisk-builders-challenge-1 sweep 1 (size=200): 5 unique of 5 reported
10:27:56 INFO    [devfolio] 239 lisk-builders-challenge-1 -> 996 stored so far
10:27:58 INFO    [devfolio] hackhazards25 sweep 1 (size=200): 112 unique of 112 reported
10:27:58 INFO    [devfolio] 240 hackhazards25 -> 1108 stored so far
10:27:59 INFO    [devfolio] recursion6 sweep 1 (size=200): 0 unique of 0 reported
10:27:59 INFO    [devfolio] 241 recursion6 -> 1108 stored so far
10:27:59 INFO    [devfolio] recursion6 had no prize-winners (winners are often announced weeks after a hackathon ends)
10:28:02 INFO    [devfolio] buidlai-hack sweep 1 (size=200): 21 unique of 21 reported
10:28:02 INFO    [devfolio] 242 buidlai-hack -> 1129 stored so far
10:28:03 INFO    [devfolio] hack-summit sweep 1 (size=200): 0 unique of 0 reported
10:28:03 INFO    [devfolio] 243 hack-summit -> 1129 stored so far
10:28:03 INFO    [devfolio] hack-summit had no prize-winners (winners are often announced weeks after a hackathon ends)
10:28:05 INFO    [devfolio] pechacks3 sweep 1 (size=200): 3 unique of 3 reported
10:28:05 INFO    [devfolio] 244 pechacks3 -> 1132 stored so far
10:28:06 INFO    [devfolio] aithon-1 sweep 1 (size=200): 0 unique of 0 reported
10:28:06 INFO    [devfolio] 245 aithon-1 -> 1132 stored so far
10:28:06 INFO    [devfolio] aithon-1 had no prize-winners (winners are often announced weeks after a hackathon ends)
10:28:08 INFO    [devfolio] hackwave-x sweep 1 (size=200): 0 unique of 0 reported
10:28:08 INFO    [devfolio] 246 hackwave-x -> 1132 stored so far
10:28:08 INFO    [devfolio] hackwave-x had no prize-winners (winners are often announced weeks after a hackathon ends)
10:28:09 INFO    [devfolio] rotatechx-1 sweep 1 (size=200): 0 unique of 0 reported
10:28:09 INFO    [devfolio] 247 rotatechx-1 -> 1132 stored so far
10:28:09 INFO    [devfolio] rotatechx-1 had no prize-winners (winners are often announced weeks after a hackathon ends)
10:28:10 INFO    [devfolio] frosthack-2025 sweep 1 (size=200): 0 unique of 0 reported
10:28:10 INFO    [devfolio] 248 frosthack-2025 -> 1132 stored so far
10:28:10 INFO    [devfolio] frosthack-2025 had no prize-winners (winners are often announced weeks after a hackathon ends)
10:28:11 INFO    [devfolio] hacking-paris sweep 1 (size=200): 0 unique of 0 reported
10:28:11 INFO    [devfolio] 249 hacking-paris -> 1132 stored so far
10:28:11 INFO    [devfolio] hacking-paris had no prize-winners (winners are often announced weeks after a hackathon ends)
10:28:12 INFO    [devfolio] nexgenhack sweep 1 (size=200): 0 unique of 0 reported
10:28:12 INFO    [devfolio] 250 nexgenhack -> 1132 stored so far
10:28:12 INFO    [devfolio] nexgenhack had no prize-winners (winners are often announced weeks after a hackathon ends)
10:28:14 INFO    [devfolio] hackcelerate sweep 1 (size=200): 0 unique of 0 reported
10:28:14 INFO    [devfolio] 251 hackcelerate -> 1132 stored so far
10:28:14 INFO    [devfolio] hackcelerate had no prize-winners (winners are often announced weeks after a hackathon ends)
10:28:15 INFO    [devfolio] innerve-x sweep 1 (size=200): 0 unique of 0 reported
10:28:15 INFO    [devfolio] 252 innerve-x -> 1132 stored so far
10:28:15 INFO    [devfolio] innerve-x had no prize-winners (winners are often announced weeks after a hackathon ends)
10:28:16 INFO    [devfolio] hack-o-knight sweep 1 (size=200): 0 unique of 0 reported
10:28:16 INFO    [devfolio] 253 hack-o-knight -> 1132 stored so far
10:28:16 INFO    [devfolio] hack-o-knight had no prize-winners (winners are often announced weeks after a hackathon ends)
10:28:18 INFO    [devfolio] hackfiesta sweep 1 (size=200): 0 unique of 0 reported
10:28:18 INFO    [devfolio] 254 hackfiesta -> 1132 stored so far
10:28:18 INFO    [devfolio] hackfiesta had no prize-winners (winners are often announced weeks after a hackathon ends)
10:28:19 INFO    [devfolio] hack4safety sweep 1 (size=200): 0 unique of 0 reported
10:28:19 INFO    [devfolio] 255 hack4safety -> 1132 stored so far
10:28:19 INFO    [devfolio] hack4safety had no prize-winners (winners are often announced weeks after a hackathon ends)
10:28:20 INFO    [devfolio] agents-test sweep 1 (size=200): 0 unique of 0 reported
10:28:20 INFO    [devfolio] 256 agents-test -> 1132 stored so far
10:28:20 INFO    [devfolio] agents-test had no prize-winners (winners are often announced weeks after a hackathon ends)
10:28:22 INFO    [devfolio] mergeconflict sweep 1 (size=200): 14 unique of 14 reported
10:28:22 INFO    [devfolio] 257 mergeconflict -> 1146 stored so far
10:28:23 INFO    [devfolio] innov-77 sweep 1 (size=200): 0 unique of 0 reported
10:28:23 INFO    [devfolio] 258 innov-77 -> 1146 stored so far
10:28:23 INFO    [devfolio] innov-77 had no prize-winners (winners are often announced weeks after a hackathon ends)
10:28:26 INFO    [devfolio] ethmumbai sweep 1 (size=200): 26 unique of 26 reported
10:28:26 INFO    [devfolio] 259 ethmumbai -> 1172 stored so far
10:28:27 INFO    [devfolio] promptthefuture sweep 1 (size=200): 0 unique of 0 reported
10:28:27 INFO    [devfolio] 260 promptthefuture -> 1172 stored so far
10:28:27 INFO    [devfolio] promptthefuture had no prize-winners (winners are often announced weeks after a hackathon ends)
10:28:28 INFO    [devfolio] campfire-biratnagar sweep 1 (size=200): 0 unique of 0 reported
10:28:28 INFO    [devfolio] 261 campfire-biratnagar -> 1172 stored so far
10:28:28 INFO    [devfolio] campfire-biratnagar had no prize-winners (winners are often announced weeks after a hackathon ends)
10:28:30 INFO    [devfolio] beachhack-season-7 sweep 1 (size=200): 0 unique of 0 reported
10:28:30 INFO    [devfolio] 262 beachhack-season-7 -> 1172 stored so far
10:28:30 INFO    [devfolio] beachhack-season-7 had no prize-winners (winners are often announced weeks after a hackathon ends)
10:28:32 INFO    [devfolio] zk-hack-berlin sweep 1 (size=200): 24 unique of 24 reported
10:28:32 INFO    [devfolio] 263 zk-hack-berlin -> 1196 stored so far
10:28:35 INFO    [devfolio] hackxios2k25 sweep 1 (size=200): 6 unique of 6 reported
10:28:35 INFO    [devfolio] 264 hackxios2k25 -> 1202 stored so far
10:28:36 INFO    [devfolio] techhacks2-0 sweep 1 (size=200): 0 unique of 0 reported
10:28:36 INFO    [devfolio] 265 techhacks2-0 -> 1202 stored so far
10:28:36 INFO    [devfolio] techhacks2-0 had no prize-winners (winners are often announced weeks after a hackathon ends)
10:28:37 INFO    [devfolio] aegis-sandbox-v sweep 1 (size=200): 0 unique of 0 reported
10:28:37 INFO    [devfolio] 266 aegis-sandbox-v -> 1202 stored so far
10:28:37 INFO    [devfolio] aegis-sandbox-v had no prize-winners (winners are often announced weeks after a hackathon ends)
10:28:38 INFO    [devfolio] devfest5goa sweep 1 (size=200): 0 unique of 0 reported
10:28:38 INFO    [devfolio] 267 devfest5goa -> 1202 stored so far
10:28:38 INFO    [devfolio] devfest5goa had no prize-winners (winners are often announced weeks after a hackathon ends)
10:28:39 INFO    [devfolio] global-youth-hacks sweep 1 (size=200): 0 unique of 0 reported
10:28:39 INFO    [devfolio] 268 global-youth-hacks -> 1202 stored so far
10:28:39 INFO    [devfolio] global-youth-hacks had no prize-winners (winners are often announced weeks after a hackathon ends)
10:28:42 INFO    [devfolio] innovat3 sweep 1 (size=200): 3 unique of 3 reported
10:28:42 INFO    [devfolio] 269 innovat3 -> 1205 stored so far
10:28:43 INFO    [devfolio] buildfestkashmir sweep 1 (size=200): 0 unique of 0 reported
10:28:43 INFO    [devfolio] 270 buildfestkashmir -> 1205 stored so far
10:28:43 INFO    [devfolio] buildfestkashmir had no prize-winners (winners are often announced weeks after a hackathon ends)
10:28:44 INFO    [devfolio] dropouthacks sweep 1 (size=200): 0 unique of 0 reported
10:28:44 INFO    [devfolio] 271 dropouthacks -> 1205 stored so far
10:28:44 INFO    [devfolio] dropouthacks had no prize-winners (winners are often announced weeks after a hackathon ends)
10:28:45 INFO    [devfolio] winterspark sweep 1 (size=200): 0 unique of 0 reported
10:28:45 INFO    [devfolio] 272 winterspark -> 1205 stored so far
10:28:45 INFO    [devfolio] winterspark had no prize-winners (winners are often announced weeks after a hackathon ends)
10:28:46 INFO    [devfolio] semicon-semixthon sweep 1 (size=200): 0 unique of 0 reported
10:28:46 INFO    [devfolio] 273 semicon-semixthon -> 1205 stored so far
10:28:46 INFO    [devfolio] semicon-semixthon had no prize-winners (winners are often announced weeks after a hackathon ends)
10:28:47 INFO    [devfolio] dayzero2o sweep 1 (size=200): 0 unique of 0 reported
10:28:47 INFO    [devfolio] 274 dayzero2o -> 1205 stored so far
10:28:47 INFO    [devfolio] dayzero2o had no prize-winners (winners are often announced weeks after a hackathon ends)
10:28:49 INFO    [devfolio] rotatech-x sweep 1 (size=200): 0 unique of 0 reported
10:28:49 INFO    [devfolio] 275 rotatech-x -> 1205 stored so far
10:28:49 INFO    [devfolio] rotatech-x had no prize-winners (winners are often announced weeks after a hackathon ends)
10:28:51 INFO    [devfolio] scbc-hackathon sweep 1 (size=200): 8 unique of 8 reported
10:28:51 INFO    [devfolio] 276 scbc-hackathon -> 1213 stored so far
10:28:54 INFO    [devfolio] udaya-1-0 sweep 1 (size=200): 10 unique of 10 reported
10:28:54 INFO    [devfolio] 277 udaya-1-0 -> 1223 stored so far
10:28:55 INFO    [devfolio] cepheus-2 sweep 1 (size=200): 0 unique of 0 reported
10:28:55 INFO    [devfolio] 278 cepheus-2 -> 1223 stored so far
10:28:55 INFO    [devfolio] cepheus-2 had no prize-winners (winners are often announced weeks after a hackathon ends)
10:28:57 INFO    [devfolio] ethprague2026 sweep 1 (size=200): 21 unique of 21 reported
10:28:58 INFO    [devfolio] 279 ethprague2026 -> 1244 stored so far
10:28:59 INFO    [devfolio] base-batches-student-track-3 sweep 1 (size=200): 0 unique of 0 reported
10:28:59 INFO    [devfolio] 280 base-batches-student-track-3 -> 1244 stored so far
10:28:59 INFO    [devfolio] base-batches-student-track-3 had no prize-winners (winners are often announced weeks after a hackathon ends)
10:29:01 INFO    [devfolio] hacktu7 sweep 1 (size=200): 8 unique of 8 reported
10:29:01 INFO    [devfolio] 281 hacktu7 -> 1252 stored so far
10:29:02 INFO    [devfolio] microcarft-arcnight sweep 1 (size=200): 0 unique of 0 reported
10:29:02 INFO    [devfolio] 282 microcarft-arcnight -> 1252 stored so far
10:29:02 INFO    [devfolio] microcarft-arcnight had no prize-winners (winners are often announced weeks after a hackathon ends)
10:29:05 INFO    [devfolio] hexafalls2 sweep 1 (size=200): 14 unique of 14 reported
10:29:05 INFO    [devfolio] 283 hexafalls2 -> 1266 stored so far
10:29:06 INFO    [devfolio] ethkochi sweep 1 (size=200): 0 unique of 0 reported
10:29:06 INFO    [devfolio] 284 ethkochi -> 1266 stored so far
10:29:06 INFO    [devfolio] ethkochi had no prize-winners (winners are often announced weeks after a hackathon ends)
10:29:07 INFO    [devfolio] portmortem sweep 1 (size=200): 0 unique of 0 reported
10:29:07 INFO    [devfolio] 285 portmortem -> 1266 stored so far
10:29:07 INFO    [devfolio] portmortem had no prize-winners (winners are often announced weeks after a hackathon ends)
10:29:08 INFO    [devfolio] revengershack sweep 1 (size=200): 0 unique of 0 reported
10:29:08 INFO    [devfolio] 286 revengershack -> 1266 stored so far
10:29:08 INFO    [devfolio] revengershack had no prize-winners (winners are often announced weeks after a hackathon ends)
10:29:09 INFO    [devfolio] fusionix-1 sweep 1 (size=200): 0 unique of 0 reported
10:29:09 INFO    [devfolio] 287 fusionix-1 -> 1266 stored so far
10:29:09 INFO    [devfolio] fusionix-1 had no prize-winners (winners are often announced weeks after a hackathon ends)
10:29:11 INFO    [devfolio] hacknova-3 sweep 1 (size=200): 0 unique of 0 reported
10:29:11 INFO    [devfolio] 288 hacknova-3 -> 1266 stored so far
10:29:11 INFO    [devfolio] hacknova-3 had no prize-winners (winners are often announced weeks after a hackathon ends)
10:29:12 INFO    [devfolio] hackrcdu sweep 1 (size=200): 0 unique of 0 reported
10:29:12 INFO    [devfolio] 289 hackrcdu -> 1266 stored so far
10:29:12 INFO    [devfolio] hackrcdu had no prize-winners (winners are often announced weeks after a hackathon ends)
10:29:13 INFO    [devfolio] fusion-techathon sweep 1 (size=200): 0 unique of 0 reported
10:29:13 INFO    [devfolio] 290 fusion-techathon -> 1266 stored so far
10:29:13 INFO    [devfolio] fusion-techathon had no prize-winners (winners are often announced weeks after a hackathon ends)
10:29:14 INFO    [devfolio] hack-this-september-hts sweep 1 (size=200): 0 unique of 0 reported
10:29:14 INFO    [devfolio] 291 hack-this-september-hts -> 1266 stored so far
10:29:14 INFO    [devfolio] hack-this-september-hts had no prize-winners (winners are often announced weeks after a hackathon ends)
10:29:15 INFO    [devfolio] yesist-prelims sweep 1 (size=200): 0 unique of 0 reported
10:29:15 INFO    [devfolio] 292 yesist-prelims -> 1266 stored so far
10:29:15 INFO    [devfolio] yesist-prelims had no prize-winners (winners are often announced weeks after a hackathon ends)
10:29:16 INFO    [devfolio] concode sweep 1 (size=200): 0 unique of 0 reported
10:29:16 INFO    [devfolio] 293 concode -> 1266 stored so far
10:29:16 INFO    [devfolio] concode had no prize-winners (winners are often announced weeks after a hackathon ends)
10:29:17 INFO    [devfolio] iciq-24 sweep 1 (size=200): 0 unique of 0 reported
10:29:17 INFO    [devfolio] 294 iciq-24 -> 1266 stored so far
10:29:17 INFO    [devfolio] iciq-24 had no prize-winners (winners are often announced weeks after a hackathon ends)
10:29:18 INFO    [devfolio] interchain-hacker-house sweep 1 (size=200): 0 unique of 0 reported
10:29:18 INFO    [devfolio] 295 interchain-hacker-house -> 1266 stored so far
10:29:18 INFO    [devfolio] interchain-hacker-house had no prize-winners (winners are often announced weeks after a hackathon ends)
10:29:20 INFO    [devfolio] inout-hacks sweep 1 (size=200): 0 unique of 0 reported
10:29:20 INFO    [devfolio] 296 inout-hacks -> 1266 stored so far
10:29:20 INFO    [devfolio] inout-hacks had no prize-winners (winners are often announced weeks after a hackathon ends)
10:29:21 INFO    [devfolio] hack-with-gdg-s4 sweep 1 (size=200): 0 unique of 0 reported
10:29:21 INFO    [devfolio] 297 hack-with-gdg-s4 -> 1266 stored so far
10:29:21 INFO    [devfolio] hack-with-gdg-s4 had no prize-winners (winners are often announced weeks after a hackathon ends)
10:29:22 INFO    [devfolio] webcraft24 sweep 1 (size=200): 0 unique of 0 reported
10:29:22 INFO    [devfolio] 298 webcraft24 -> 1266 stored so far
10:29:22 INFO    [devfolio] webcraft24 had no prize-winners (winners are often announced weeks after a hackathon ends)
10:29:24 INFO    [devfolio] hackspire26 sweep 1 (size=200): 0 unique of 0 reported
10:29:24 INFO    [devfolio] 299 hackspire26 -> 1266 stored so far
10:29:24 INFO    [devfolio] hackspire26 had no prize-winners (winners are often announced weeks after a hackathon ends)
10:29:25 INFO    [devfolio] hackify-3 sweep 1 (size=200): 0 unique of 0 reported
10:29:25 INFO    [devfolio] 300 hackify-3 -> 1266 stored so far
10:29:25 INFO    [devfolio] hackify-3 had no prize-winners (winners are often announced weeks after a hackathon ends)
10:29:26 INFO    [devfolio] recursiveacm sweep 1 (size=200): 0 unique of 0 reported
10:29:26 INFO    [devfolio] 301 recursiveacm -> 1266 stored so far
10:29:26 INFO    [devfolio] recursiveacm had no prize-winners (winners are often announced weeks after a hackathon ends)
10:29:28 INFO    [devfolio] boss-battle sweep 1 (size=200): 0 unique of 0 reported
10:29:28 INFO    [devfolio] 302 boss-battle -> 1266 stored so far
10:29:28 INFO    [devfolio] boss-battle had no prize-winners (winners are often announced weeks after a hackathon ends)
10:29:29 INFO    [devfolio] hackdata sweep 1 (size=200): 0 unique of 0 reported
10:29:29 INFO    [devfolio] 303 hackdata -> 1266 stored so far
10:29:29 INFO    [devfolio] hackdata had no prize-winners (winners are often announced weeks after a hackathon ends)
10:29:30 INFO    [devfolio] crescendo-hackathon sweep 1 (size=200): 0 unique of 0 reported
10:29:30 INFO    [devfolio] 304 crescendo-hackathon -> 1266 stored so far
10:29:30 INFO    [devfolio] crescendo-hackathon had no prize-winners (winners are often announced weeks after a hackathon ends)
10:29:31 INFO    [devfolio] hacklipse2 sweep 1 (size=200): 0 unique of 0 reported
10:29:31 INFO    [devfolio] 305 hacklipse2 -> 1266 stored so far
10:29:31 INFO    [devfolio] hacklipse2 had no prize-winners (winners are often announced weeks after a hackathon ends)
10:29:32 INFO    [devfolio] syntax-error sweep 1 (size=200): 0 unique of 0 reported
10:29:32 INFO    [devfolio] 306 syntax-error -> 1266 stored so far
10:29:32 INFO    [devfolio] syntax-error had no prize-winners (winners are often announced weeks after a hackathon ends)
10:29:33 INFO    [devfolio] hack22 sweep 1 (size=200): 0 unique of 0 reported
10:29:33 INFO    [devfolio] 307 hack22 -> 1266 stored so far
10:29:33 INFO    [devfolio] hack22 had no prize-winners (winners are often announced weeks after a hackathon ends)
10:29:35 INFO    [devfolio] cherry-hackathon sweep 1 (size=200): 0 unique of 0 reported
10:29:35 INFO    [devfolio] 308 cherry-hackathon -> 1266 stored so far
10:29:35 INFO    [devfolio] cherry-hackathon had no prize-winners (winners are often announced weeks after a hackathon ends)
10:29:37 INFO    [devfolio] glitch sweep 1 (size=200): 0 unique of 0 reported
10:29:37 INFO    [devfolio] 309 glitch -> 1266 stored so far
10:29:37 INFO    [devfolio] glitch had no prize-winners (winners are often announced weeks after a hackathon ends)
10:29:37 INFO    [devfolio] hackglb sweep 1 (size=200): 0 unique of 0 reported
10:29:37 INFO    [devfolio] 310 hackglb -> 1266 stored so far
10:29:37 INFO    [devfolio] hackglb had no prize-winners (winners are often announced weeks after a hackathon ends)
10:29:38 INFO    [devfolio] hult-prize-bvcoe-1 sweep 1 (size=200): 0 unique of 0 reported
10:29:38 INFO    [devfolio] 311 hult-prize-bvcoe-1 -> 1266 stored so far
10:29:38 INFO    [devfolio] hult-prize-bvcoe-1 had no prize-winners (winners are often announced weeks after a hackathon ends)
10:29:39 INFO    [devfolio] techathon2 sweep 1 (size=200): 0 unique of 0 reported
10:29:39 INFO    [devfolio] 312 techathon2 -> 1266 stored so far
10:29:39 INFO    [devfolio] techathon2 had no prize-winners (winners are often announced weeks after a hackathon ends)
10:29:41 INFO    [devfolio] hackaprenuer sweep 1 (size=200): 0 unique of 0 reported
10:29:41 INFO    [devfolio] 313 hackaprenuer -> 1266 stored so far
10:29:41 INFO    [devfolio] hackaprenuer had no prize-winners (winners are often announced weeks after a hackathon ends)
10:29:42 INFO    [devfolio] richackathon2023 sweep 1 (size=200): 0 unique of 0 reported
10:29:42 INFO    [devfolio] 314 richackathon2023 -> 1266 stored so far
10:29:42 INFO    [devfolio] richackathon2023 had no prize-winners (winners are often announced weeks after a hackathon ends)
10:29:43 INFO    [devfolio] webtrailblazerfellowship sweep 1 (size=200): 0 unique of 0 reported
10:29:43 INFO    [devfolio] 315 webtrailblazerfellowship -> 1266 stored so far
10:29:43 INFO    [devfolio] webtrailblazerfellowship had no prize-winners (winners are often announced weeks after a hackathon ends)
10:29:44 INFO    [devfolio] zkp-online-hackathon sweep 1 (size=200): 0 unique of 0 reported
10:29:44 INFO    [devfolio] 316 zkp-online-hackathon -> 1266 stored so far
10:29:44 INFO    [devfolio] zkp-online-hackathon had no prize-winners (winners are often announced weeks after a hackathon ends)
10:29:45 INFO    [devfolio] filecoin-orbit-india-hackathon-hackafil sweep 1 (size=200): 0 unique of 0 reported
10:29:45 INFO    [devfolio] 317 filecoin-orbit-india-hackathon-hackafil -> 1266 stored so far
10:29:45 INFO    [devfolio] filecoin-orbit-india-hackathon-hackafil had no prize-winners (winners are often announced weeks after a hackathon ends)
10:29:46 INFO    [devfolio] csi-web-hackathon sweep 1 (size=200): 0 unique of 0 reported
10:29:46 INFO    [devfolio] 318 csi-web-hackathon -> 1266 stored so far
10:29:46 INFO    [devfolio] csi-web-hackathon had no prize-winners (winners are often announced weeks after a hackathon ends)
10:29:48 INFO    [devfolio] hacktheuniverse sweep 1 (size=200): 0 unique of 0 reported
10:29:48 INFO    [devfolio] 319 hacktheuniverse -> 1266 stored so far
10:29:48 INFO    [devfolio] hacktheuniverse had no prize-winners (winners are often announced weeks after a hackathon ends)
10:29:49 INFO    [devfolio] hackhaven sweep 1 (size=200): 0 unique of 0 reported
10:29:49 INFO    [devfolio] 320 hackhaven -> 1266 stored so far
10:29:49 INFO    [devfolio] hackhaven had no prize-winners (winners are often announced weeks after a hackathon ends)
10:29:50 INFO    [devfolio] t1-buildalong sweep 1 (size=200): 0 unique of 0 reported
10:29:50 INFO    [devfolio] 321 t1-buildalong -> 1266 stored so far
10:29:50 INFO    [devfolio] t1-buildalong had no prize-winners (winners are often announced weeks after a hackathon ends)
10:29:52 INFO    [devfolio] devfest sweep 1 (size=200): 26 unique of 26 reported
10:29:53 INFO    [devfolio] 322 devfest -> 1292 stored so far
10:29:55 INFO    [devfolio] codeofduty sweep 1 (size=200): 3 unique of 3 reported
10:29:55 INFO    [devfolio] 323 codeofduty -> 1295 stored so far
10:29:58 INFO    [devfolio] indiatourdelhi sweep 1 (size=200): 3 unique of 3 reported
10:29:58 INFO    [devfolio] 324 indiatourdelhi -> 1298 stored so far
10:30:00 INFO    [devfolio] hackprints2 sweep 1 (size=200): 3 unique of 3 reported
10:30:00 INFO    [devfolio] 325 hackprints2 -> 1301 stored so far
10:30:03 INFO    [devfolio] hack-bvicam sweep 1 (size=200): 5 unique of 5 reported
10:30:03 INFO    [devfolio] 326 hack-bvicam -> 1306 stored so far
10:30:05 INFO    [devfolio] shehacks-dtu-1 sweep 1 (size=200): 5 unique of 5 reported
10:30:05 INFO    [devfolio] 327 shehacks-dtu-1 -> 1311 stored so far
10:30:07 INFO    [devfolio] hacknitp sweep 1 (size=200): 4 unique of 4 reported
10:30:07 INFO    [devfolio] 328 hacknitp -> 1315 stored so far
10:30:09 INFO    [devfolio] hacknuthon2021 sweep 1 (size=200): 5 unique of 5 reported
10:30:09 INFO    [devfolio] 329 hacknuthon2021 -> 1320 stored so far
10:30:12 INFO    [devfolio] entreathon sweep 1 (size=200): 2 unique of 2 reported
10:30:12 INFO    [devfolio] 330 entreathon -> 1322 stored so far
10:30:14 INFO    [devfolio] hint sweep 1 (size=200): 6 unique of 6 reported
10:30:14 INFO    [devfolio] 331 hint -> 1328 stored so far
10:30:16 INFO    [devfolio] vihaan4 sweep 1 (size=200): 15 unique of 15 reported
10:30:16 INFO    [devfolio] 332 vihaan4 -> 1343 stored so far
10:30:19 INFO    [devfolio] hackverse-2023 sweep 1 (size=200): 8 unique of 8 reported
10:30:19 INFO    [devfolio] 333 hackverse-2023 -> 1351 stored so far
10:30:21 INFO    [devfolio] out-of-context sweep 1 (size=200): 11 unique of 11 reported
10:30:21 INFO    [devfolio] 334 out-of-context -> 1362 stored so far
10:30:24 INFO    [devfolio] psychhack sweep 1 (size=200): 3 unique of 3 reported
10:30:24 INFO    [devfolio] 335 psychhack -> 1365 stored so far
10:30:26 INFO    [devfolio] hackmanthan sweep 1 (size=200): 12 unique of 12 reported
10:30:26 INFO    [devfolio] 336 hackmanthan -> 1377 stored so far
10:30:29 INFO    [devfolio] hackbrewer sweep 1 (size=200): 2 unique of 2 reported
10:30:29 INFO    [devfolio] 337 hackbrewer -> 1379 stored so far
10:30:31 INFO    [devfolio] hacknitr3 sweep 1 (size=200): 17 unique of 17 reported
10:30:31 INFO    [devfolio] 338 hacknitr3 -> 1395 stored so far
10:30:33 INFO    [devfolio] hacksus sweep 1 (size=200): 3 unique of 3 reported
10:30:33 INFO    [devfolio] 339 hacksus -> 1398 stored so far
10:30:36 INFO    [devfolio] firefly-hackathon sweep 1 (size=200): 1 unique of 1 reported
10:30:36 INFO    [devfolio] 340 firefly-hackathon -> 1399 stored so far
10:30:38 INFO    [devfolio] evehack sweep 1 (size=200): 5 unique of 5 reported
10:30:38 INFO    [devfolio] 341 evehack -> 1404 stored so far
10:30:41 INFO    [devfolio] hackjbcnosh sweep 1 (size=200): 4 unique of 4 reported
10:30:41 INFO    [devfolio] 342 hackjbcnosh -> 1408 stored so far
10:30:43 INFO    [devfolio] ethindia-online sweep 1 (size=200): 9 unique of 9 reported
10:30:43 INFO    [devfolio] 343 ethindia-online -> 1417 stored so far
10:30:46 INFO    [devfolio] jaypee-hacks sweep 1 (size=200): 6 unique of 6 reported
10:30:46 INFO    [devfolio] 344 jaypee-hacks -> 1423 stored so far
10:30:48 INFO    [devfolio] designathon sweep 1 (size=200): 3 unique of 3 reported
10:30:48 INFO    [devfolio] 345 designathon -> 1426 stored so far
10:30:51 INFO    [devfolio] metaverse sweep 1 (size=200): 4 unique of 4 reported
10:30:51 INFO    [devfolio] 346 metaverse -> 1430 stored so far
10:30:53 INFO    [devfolio] hack-36 sweep 1 (size=200): 3 unique of 3 reported
10:30:53 INFO    [devfolio] 347 hack-36 -> 1433 stored so far
10:30:56 INFO    [devfolio] hackthespace sweep 1 (size=200): 10 unique of 10 reported
10:30:56 INFO    [devfolio] 348 hackthespace -> 1443 stored so far
10:30:58 INFO    [devfolio] pasc-pasckathon sweep 1 (size=200): 3 unique of 3 reported
10:30:58 INFO    [devfolio] 349 pasc-pasckathon -> 1446 stored so far
10:30:59 INFO    [devfolio] hof-v4 sweep 1 (size=200): 0 unique of 0 reported
10:30:59 INFO    [devfolio] 350 hof-v4 -> 1446 stored so far
10:30:59 INFO    [devfolio] hof-v4 had no prize-winners (winners are often announced weeks after a hackathon ends)
10:31:00 INFO    [devfolio] hack-fusion sweep 1 (size=200): 0 unique of 0 reported
10:31:00 INFO    [devfolio] 351 hack-fusion -> 1446 stored so far
10:31:00 INFO    [devfolio] hack-fusion had no prize-winners (winners are often announced weeks after a hackathon ends)
10:31:02 INFO    [devfolio] hackatoge23 sweep 1 (size=200): 0 unique of 0 reported
10:31:02 INFO    [devfolio] 352 hackatoge23 -> 1446 stored so far
10:31:02 INFO    [devfolio] hackatoge23 had no prize-winners (winners are often announced weeks after a hackathon ends)
10:31:03 INFO    [devfolio] innov-z sweep 1 (size=200): 0 unique of 0 reported
10:31:03 INFO    [devfolio] 353 innov-z -> 1446 stored so far
10:31:03 INFO    [devfolio] innov-z had no prize-winners (winners are often announced weeks after a hackathon ends)
10:31:04 INFO    [devfolio] codekraken sweep 1 (size=200): 0 unique of 0 reported
10:31:04 INFO    [devfolio] 354 codekraken -> 1446 stored so far
10:31:04 INFO    [devfolio] codekraken had no prize-winners (winners are often announced weeks after a hackathon ends)
10:31:07 INFO    [devfolio] shehacks-23-apkiiita sweep 1 (size=200): 3 unique of 3 reported
10:31:07 INFO    [devfolio] 355 shehacks-23-apkiiita -> 1449 stored so far
10:31:08 INFO    [devfolio] crewsphere-ideathon-dtu sweep 1 (size=200): 0 unique of 0 reported
10:31:08 INFO    [devfolio] 356 crewsphere-ideathon-dtu -> 1449 stored so far
10:31:08 INFO    [devfolio] crewsphere-ideathon-dtu had no prize-winners (winners are often announced weeks after a hackathon ends)
10:31:09 INFO    [devfolio] dev-battle sweep 1 (size=200): 0 unique of 0 reported
10:31:09 INFO    [devfolio] 357 dev-battle -> 1449 stored so far
10:31:09 INFO    [devfolio] dev-battle had no prize-winners (winners are often announced weeks after a hackathon ends)
10:31:10 INFO    [devfolio] code-relay sweep 1 (size=200): 0 unique of 0 reported
10:31:10 INFO    [devfolio] 358 code-relay -> 1449 stored so far
10:31:10 INFO    [devfolio] code-relay had no prize-winners (winners are often announced weeks after a hackathon ends)
10:31:11 INFO    [devfolio] harmony-design-challenge sweep 1 (size=200): 0 unique of 0 reported
10:31:11 INFO    [devfolio] 359 harmony-design-challenge -> 1449 stored so far
10:31:11 INFO    [devfolio] harmony-design-challenge had no prize-winners (winners are often announced weeks after a hackathon ends)
10:31:13 INFO    [devfolio] gta-sandshores sweep 1 (size=200): 6 unique of 6 reported
10:31:14 INFO    [devfolio] 360 gta-sandshores -> 1455 stored so far
10:31:15 INFO    [devfolio] blazebits sweep 1 (size=200): 0 unique of 0 reported
10:31:15 INFO    [devfolio] 361 blazebits -> 1455 stored so far
10:31:15 INFO    [devfolio] blazebits had no prize-winners (winners are often announced weeks after a hackathon ends)
10:31:16 INFO    [devfolio] skilltitans sweep 1 (size=200): 0 unique of 0 reported
10:31:16 INFO    [devfolio] 362 skilltitans -> 1455 stored so far
10:31:16 INFO    [devfolio] skilltitans had no prize-winners (winners are often announced weeks after a hackathon ends)
10:31:17 INFO    [devfolio] nexus-hack sweep 1 (size=200): 0 unique of 0 reported
10:31:17 INFO    [devfolio] 363 nexus-hack -> 1455 stored so far
10:31:17 INFO    [devfolio] nexus-hack had no prize-winners (winners are often announced weeks after a hackathon ends)
10:31:18 INFO    [devfolio] ethdenver sweep 1 (size=200): 0 unique of 0 reported
10:31:18 INFO    [devfolio] 364 ethdenver -> 1455 stored so far
10:31:18 INFO    [devfolio] ethdenver had no prize-winners (winners are often announced weeks after a hackathon ends)
10:31:19 INFO    [devfolio] multichain-hacks sweep 1 (size=200): 0 unique of 0 reported
10:31:19 INFO    [devfolio] 365 multichain-hacks -> 1455 stored so far
10:31:19 INFO    [devfolio] multichain-hacks had no prize-winners (winners are often announced weeks after a hackathon ends)
10:31:22 INFO    [devfolio] codeshastra-9 sweep 1 (size=200): 2 unique of 2 reported
10:31:22 INFO    [devfolio] 366 codeshastra-9 -> 1457 stored so far
10:31:24 INFO    [devfolio] iwoc sweep 1 (size=200): 3 unique of 3 reported
10:31:24 INFO    [devfolio] 367 iwoc -> 1460 stored so far
10:31:25 INFO    [devfolio] hackbvp5 sweep 1 (size=200): 0 unique of 0 reported
10:31:25 INFO    [devfolio] 368 hackbvp5 -> 1460 stored so far
10:31:25 INFO    [devfolio] hackbvp5 had no prize-winners (winners are often announced weeks after a hackathon ends)
10:31:26 INFO    [devfolio] techacks4 sweep 1 (size=200): 0 unique of 0 reported
10:31:26 INFO    [devfolio] 369 techacks4 -> 1460 stored so far
10:31:26 INFO    [devfolio] techacks4 had no prize-winners (winners are often announced weeks after a hackathon ends)
10:31:28 INFO    [devfolio] eif2 sweep 1 (size=200): 0 unique of 0 reported
10:31:28 INFO    [devfolio] 370 eif2 -> 1460 stored so far
10:31:28 INFO    [devfolio] eif2 had no prize-winners (winners are often announced weeks after a hackathon ends)
10:31:29 INFO    [devfolio] version-beta-5 sweep 1 (size=200): 0 unique of 0 reported
10:31:29 INFO    [devfolio] 371 version-beta-5 -> 1460 stored so far
10:31:29 INFO    [devfolio] version-beta-5 had no prize-winners (winners are often announced weeks after a hackathon ends)
10:31:30 INFO    [devfolio] hackbpit sweep 1 (size=200): 0 unique of 0 reported
10:31:30 INFO    [devfolio] 372 hackbpit -> 1460 stored so far
10:31:30 INFO    [devfolio] hackbpit had no prize-winners (winners are often announced weeks after a hackathon ends)
10:31:31 INFO    [devfolio] hackgtbit sweep 1 (size=200): 0 unique of 0 reported
10:31:31 INFO    [devfolio] 373 hackgtbit -> 1460 stored so far
10:31:31 INFO    [devfolio] hackgtbit had no prize-winners (winners are often announced weeks after a hackathon ends)
10:31:32 INFO    [devfolio] hexahive sweep 1 (size=200): 0 unique of 0 reported
10:31:32 INFO    [devfolio] 374 hexahive -> 1460 stored so far
10:31:32 INFO    [devfolio] hexahive had no prize-winners (winners are often announced weeks after a hackathon ends)
10:31:33 INFO    [devfolio] hackbmu2019 sweep 1 (size=200): 0 unique of 0 reported
10:31:33 INFO    [devfolio] 375 hackbmu2019 -> 1460 stored so far
10:31:33 INFO    [devfolio] hackbmu2019 had no prize-winners (winners are often announced weeks after a hackathon ends)
10:31:34 INFO    [devfolio] solanaszn sweep 1 (size=200): 0 unique of 0 reported
10:31:34 INFO    [devfolio] 376 solanaszn -> 1460 stored so far
10:31:34 INFO    [devfolio] solanaszn had no prize-winners (winners are often announced weeks after a hackathon ends)
10:31:36 INFO    [devfolio] mujhacks sweep 1 (size=200): 0 unique of 0 reported
10:31:36 INFO    [devfolio] 377 mujhacks -> 1460 stored so far
10:31:36 INFO    [devfolio] mujhacks had no prize-winners (winners are often announced weeks after a hackathon ends)
10:31:37 INFO    [devfolio] hackitbvp sweep 1 (size=200): 0 unique of 0 reported
10:31:37 INFO    [devfolio] 378 hackitbvp -> 1460 stored so far
10:31:37 INFO    [devfolio] hackitbvp had no prize-winners (winners are often announced weeks after a hackathon ends)
10:31:38 INFO    [devfolio] dsc-slop sweep 1 (size=200): 0 unique of 0 reported
10:31:38 INFO    [devfolio] 379 dsc-slop -> 1460 stored so far
10:31:38 INFO    [devfolio] dsc-slop had no prize-winners (winners are often announced weeks after a hackathon ends)
10:31:40 INFO    [devfolio] utkalhacks2019 sweep 1 (size=200): 0 unique of 0 reported
10:31:40 INFO    [devfolio] 380 utkalhacks2019 -> 1460 stored so far
10:31:40 INFO    [devfolio] utkalhacks2019 had no prize-winners (winners are often announced weeks after a hackathon ends)
10:31:41 INFO    [devfolio] hackjnu sweep 1 (size=200): 0 unique of 0 reported
10:31:41 INFO    [devfolio] 381 hackjnu -> 1460 stored so far
10:31:41 INFO    [devfolio] hackjnu had no prize-winners (winners are often announced weeks after a hackathon ends)
10:31:42 INFO    [devfolio] hackit-csikjsce sweep 1 (size=200): 0 unique of 0 reported
10:31:42 INFO    [devfolio] 382 hackit-csikjsce -> 1460 stored so far
10:31:42 INFO    [devfolio] hackit-csikjsce had no prize-winners (winners are often announced weeks after a hackathon ends)
10:31:43 INFO    [devfolio] hacktiet sweep 1 (size=200): 0 unique of 0 reported
10:31:43 INFO    [devfolio] 383 hacktiet -> 1460 stored so far
10:31:43 INFO    [devfolio] hacktiet had no prize-winners (winners are often announced weeks after a hackathon ends)
10:31:44 INFO    [devfolio] webster sweep 1 (size=200): 0 unique of 0 reported
10:31:44 INFO    [devfolio] 384 webster -> 1460 stored so far
10:31:44 INFO    [devfolio] webster had no prize-winners (winners are often announced weeks after a hackathon ends)
10:31:45 INFO    [devfolio] hackbmu sweep 1 (size=200): 0 unique of 0 reported
10:31:45 INFO    [devfolio] 385 hackbmu -> 1460 stored so far
10:31:45 INFO    [devfolio] hackbmu had no prize-winners (winners are often announced weeks after a hackathon ends)
10:31:46 INFO    [devfolio] haxplore sweep 1 (size=200): 0 unique of 0 reported
10:31:46 INFO    [devfolio] 386 haxplore -> 1460 stored so far
10:31:46 INFO    [devfolio] haxplore had no prize-winners (winners are often announced weeks after a hackathon ends)
10:31:47 INFO    [devfolio] hack-ai-thon sweep 1 (size=200): 0 unique of 0 reported
10:31:47 INFO    [devfolio] 387 hack-ai-thon -> 1460 stored so far
10:31:47 INFO    [devfolio] hack-ai-thon had no prize-winners (winners are often announced weeks after a hackathon ends)
10:31:50 INFO    [devfolio] code-with-consequences sweep 1 (size=200): 5 unique of 5 reported
10:31:50 INFO    [devfolio] 388 code-with-consequences -> 1465 stored so far
10:31:52 INFO    [devfolio] karmakshetra sweep 1 (size=200): 3 unique of 3 reported
10:31:52 INFO    [devfolio] 389 karmakshetra -> 1468 stored so far
10:31:53 INFO    [devfolio] hackone241 sweep 1 (size=200): 0 unique of 0 reported
10:31:53 INFO    [devfolio] 390 hackone241 -> 1468 stored so far
10:31:53 INFO    [devfolio] hackone241 had no prize-winners (winners are often announced weeks after a hackathon ends)
10:31:54 INFO    [devfolio] buildtheflow sweep 1 (size=200): 0 unique of 0 reported
10:31:54 INFO    [devfolio] 391 buildtheflow -> 1468 stored so far
10:31:54 INFO    [devfolio] buildtheflow had no prize-winners (winners are often announced weeks after a hackathon ends)
10:31:56 INFO    [devfolio] designathon-infuturum sweep 1 (size=200): 0 unique of 0 reported
10:31:56 INFO    [devfolio] 392 designathon-infuturum -> 1468 stored so far
10:31:56 INFO    [devfolio] designathon-infuturum had no prize-winners (winners are often announced weeks after a hackathon ends)
10:31:57 INFO    [devfolio] crescendo-crce-hackathon sweep 1 (size=200): 0 unique of 0 reported
10:31:57 INFO    [devfolio] 393 crescendo-crce-hackathon -> 1468 stored so far
10:31:57 INFO    [devfolio] crescendo-crce-hackathon had no prize-winners (winners are often announced weeks after a hackathon ends)
10:31:58 INFO    [devfolio] pixelathon sweep 1 (size=200): 0 unique of 0 reported
10:31:58 INFO    [devfolio] 394 pixelathon -> 1468 stored so far
10:31:58 INFO    [devfolio] pixelathon had no prize-winners (winners are often announced weeks after a hackathon ends)
10:31:59 INFO    [devfolio] hult-prize-bvcoe-24 sweep 1 (size=200): 0 unique of 0 reported
10:31:59 INFO    [devfolio] 395 hult-prize-bvcoe-24 -> 1468 stored so far
10:31:59 INFO    [devfolio] hult-prize-bvcoe-24 had no prize-winners (winners are often announced weeks after a hackathon ends)
10:32:01 INFO    [devfolio] hacknova sweep 1 (size=200): 0 unique of 0 reported
10:32:01 INFO    [devfolio] 396 hacknova -> 1468 stored so far
10:32:01 INFO    [devfolio] hacknova had no prize-winners (winners are often announced weeks after a hackathon ends)
10:32:02 INFO    [devfolio] hacksplash sweep 1 (size=200): 0 unique of 0 reported
10:32:02 INFO    [devfolio] 397 hacksplash -> 1468 stored so far
10:32:02 INFO    [devfolio] hacksplash had no prize-winners (winners are often announced weeks after a hackathon ends)
10:32:03 INFO    [devfolio] techquest sweep 1 (size=200): 0 unique of 0 reported
10:32:03 INFO    [devfolio] 398 techquest -> 1468 stored so far
10:32:03 INFO    [devfolio] techquest had no prize-winners (winners are often announced weeks after a hackathon ends)
10:32:04 INFO    [devfolio] azurefest-hackathon sweep 1 (size=200): 0 unique of 0 reported
10:32:04 INFO    [devfolio] 399 azurefest-hackathon -> 1468 stored so far
10:32:04 INFO    [devfolio] azurefest-hackathon had no prize-winners (winners are often announced weeks after a hackathon ends)
10:32:07 INFO    [devfolio] oofy-hacks sweep 1 (size=200): 5 unique of 5 reported
10:32:07 INFO    [devfolio] 400 oofy-hacks -> 1473 stored so far
10:32:10 INFO    [devfolio] hack-with-mlsa-ignou sweep 1 (size=200): 3 unique of 3 reported
10:32:11 INFO    [devfolio] 401 hack-with-mlsa-ignou -> 1476 stored so far
10:32:12 INFO    [devfolio] eduhackedu sweep 1 (size=200): 0 unique of 0 reported
10:32:12 INFO    [devfolio] 402 eduhackedu -> 1476 stored so far
10:32:12 INFO    [devfolio] eduhackedu had no prize-winners (winners are often announced weeks after a hackathon ends)
10:32:13 INFO    [devfolio] hackedcode-2 sweep 1 (size=200): 0 unique of 0 reported
10:32:13 INFO    [devfolio] 403 hackedcode-2 -> 1476 stored so far
10:32:13 INFO    [devfolio] hackedcode-2 had no prize-winners (winners are often announced weeks after a hackathon ends)
10:32:15 INFO    [devfolio] codeutsava-3 sweep 1 (size=200): 3 unique of 3 reported
10:32:15 INFO    [devfolio] 404 codeutsava-3 -> 1479 stored so far
10:32:16 INFO    [devfolio] error-418 sweep 1 (size=200): 0 unique of 0 reported
10:32:16 INFO    [devfolio] 405 error-418 -> 1479 stored so far
10:32:16 INFO    [devfolio] error-418 had no prize-winners (winners are often announced weeks after a hackathon ends)
10:32:18 INFO    [devfolio] moxiethon sweep 1 (size=200): 0 unique of 0 reported
10:32:18 INFO    [devfolio] 406 moxiethon -> 1479 stored so far
10:32:18 INFO    [devfolio] moxiethon had no prize-winners (winners are often announced weeks after a hackathon ends)
10:32:20 INFO    [devfolio] code-recet sweep 1 (size=200): 3 unique of 3 reported
10:32:20 INFO    [devfolio] 407 code-recet -> 1482 stored so far
10:32:21 INFO    [devfolio] hackatron24 sweep 1 (size=200): 0 unique of 0 reported
10:32:21 INFO    [devfolio] 408 hackatron24 -> 1482 stored so far
10:32:21 INFO    [devfolio] hackatron24 had no prize-winners (winners are often announced weeks after a hackathon ends)
10:32:23 INFO    [devfolio] ingenious-hackathon-4-d6bc sweep 1 (size=200): 5 unique of 5 reported
10:32:24 INFO    [devfolio] 409 ingenious-hackathon-4-d6bc -> 1487 stored so far
10:32:25 INFO    [devfolio] garuda-india-hackathon sweep 1 (size=200): 0 unique of 0 reported
10:32:25 INFO    [devfolio] 410 garuda-india-hackathon -> 1487 stored so far
10:32:25 INFO    [devfolio] garuda-india-hackathon had no prize-winners (winners are often announced weeks after a hackathon ends)
10:32:26 INFO    [devfolio] hackfusion-1 sweep 1 (size=200): 0 unique of 0 reported
10:32:26 INFO    [devfolio] 411 hackfusion-1 -> 1487 stored so far
10:32:26 INFO    [devfolio] hackfusion-1 had no prize-winners (winners are often announced weeks after a hackathon ends)
10:32:28 INFO    [devfolio] codesangam sweep 1 (size=200): 7 unique of 7 reported
10:32:28 INFO    [devfolio] 412 codesangam -> 1494 stored so far
10:32:30 INFO    [devfolio] ethos-iitg sweep 1 (size=200): 0 unique of 0 reported
10:32:30 INFO    [devfolio] 413 ethos-iitg -> 1494 stored so far
10:32:30 INFO    [devfolio] ethos-iitg had no prize-winners (winners are often announced weeks after a hackathon ends)
10:32:32 INFO    [devfolio] codesangam2024 sweep 1 (size=200): 8 unique of 8 reported
10:32:32 INFO    [devfolio] 414 codesangam2024 -> 1502 stored so far
10:32:33 INFO    [devfolio] hack-srm25 sweep 1 (size=200): 0 unique of 0 reported
10:32:33 INFO    [devfolio] 415 hack-srm25 -> 1502 stored so far
10:32:33 INFO    [devfolio] hack-srm25 had no prize-winners (winners are often announced weeks after a hackathon ends)
10:32:34 INFO    [devfolio] krackhack2024 sweep 1 (size=200): 0 unique of 0 reported
10:32:34 INFO    [devfolio] 416 krackhack2024 -> 1502 stored so far
10:32:34 INFO    [devfolio] krackhack2024 had no prize-winners (winners are often announced weeks after a hackathon ends)
10:32:36 INFO    [devfolio] leap-hackfest sweep 1 (size=200): 0 unique of 0 reported
10:32:36 INFO    [devfolio] 417 leap-hackfest -> 1502 stored so far
10:32:36 INFO    [devfolio] leap-hackfest had no prize-winners (winners are often announced weeks after a hackathon ends)
10:32:37 INFO    [devfolio] hacktour-indore sweep 1 (size=200): 0 unique of 0 reported
10:32:37 INFO    [devfolio] 418 hacktour-indore -> 1502 stored so far
10:32:37 INFO    [devfolio] hacktour-indore had no prize-winners (winners are often announced weeks after a hackathon ends)
10:32:38 INFO    [devfolio] hackoclock-1 sweep 1 (size=200): 0 unique of 0 reported
10:32:38 INFO    [devfolio] 419 hackoclock-1 -> 1502 stored so far
10:32:38 INFO    [devfolio] hackoclock-1 had no prize-winners (winners are often announced weeks after a hackathon ends)
10:32:39 INFO    [devfolio] ingenioushackathon sweep 1 (size=200): 0 unique of 0 reported
10:32:39 INFO    [devfolio] 420 ingenioushackathon -> 1502 stored so far
10:32:39 INFO    [devfolio] ingenioushackathon had no prize-winners (winners are often announced weeks after a hackathon ends)
10:32:40 INFO    [devfolio] hacksync sweep 1 (size=200): 0 unique of 0 reported
10:32:40 INFO    [devfolio] 421 hacksync -> 1502 stored so far
10:32:40 INFO    [devfolio] hacksync had no prize-winners (winners are often announced weeks after a hackathon ends)
10:32:42 INFO    [devfolio] hack-infinity sweep 1 (size=200): 1 unique of 1 reported
10:32:43 INFO    [devfolio] 422 hack-infinity -> 1503 stored so far
10:32:43 INFO    [devfolio] seoulana-hacker-house sweep 1 (size=200): 0 unique of 0 reported
10:32:43 INFO    [devfolio] 423 seoulana-hacker-house -> 1503 stored so far
10:32:43 INFO    [devfolio] seoulana-hacker-house had no prize-winners (winners are often announced weeks after a hackathon ends)
10:32:45 INFO    [devfolio] hashhacks-7 sweep 1 (size=200): 0 unique of 0 reported
10:32:45 INFO    [devfolio] 424 hashhacks-7 -> 1503 stored so far
10:32:45 INFO    [devfolio] hashhacks-7 had no prize-winners (winners are often announced weeks after a hackathon ends)
10:32:46 INFO    [devfolio] yudhya sweep 1 (size=200): 0 unique of 0 reported
10:32:46 INFO    [devfolio] 425 yudhya -> 1503 stored so far
10:32:46 INFO    [devfolio] yudhya had no prize-winners (winners are often announced weeks after a hackathon ends)
10:32:48 INFO    [devfolio] hackjmi2025 sweep 1 (size=200): 1 unique of 1 reported
10:32:48 INFO    [devfolio] 426 hackjmi2025 -> 1504 stored so far
10:32:49 INFO    [devfolio] hackblitz2k25 sweep 1 (size=200): 0 unique of 0 reported
10:32:49 INFO    [devfolio] 427 hackblitz2k25 -> 1504 stored so far
10:32:49 INFO    [devfolio] hackblitz2k25 had no prize-winners (winners are often announced weeks after a hackathon ends)
10:32:50 INFO    [devfolio] nmithacks sweep 1 (size=200): 0 unique of 0 reported
10:32:50 INFO    [devfolio] 428 nmithacks -> 1504 stored so far
10:32:50 INFO    [devfolio] nmithacks had no prize-winners (winners are often announced weeks after a hackathon ends)
10:32:53 INFO    [devfolio] hackofiesta-6-1 sweep 1 (size=200): 3 unique of 3 reported
10:32:53 INFO    [devfolio] 429 hackofiesta-6-1 -> 1507 stored so far
10:32:54 INFO    [devfolio] hack-n-crack sweep 1 (size=200): 0 unique of 0 reported
10:32:54 INFO    [devfolio] 430 hack-n-crack -> 1507 stored so far
10:32:54 INFO    [devfolio] hack-n-crack had no prize-winners (winners are often announced weeks after a hackathon ends)
10:32:56 INFO    [devfolio] glb-hackathon4-0 sweep 1 (size=200): 0 unique of 0 reported
10:32:56 INFO    [devfolio] 431 glb-hackathon4-0 -> 1507 stored so far
10:32:56 INFO    [devfolio] glb-hackathon4-0 had no prize-winners (winners are often announced weeks after a hackathon ends)
10:32:58 INFO    [devfolio] gajshield-kjsse-hack8 sweep 1 (size=200): 4 unique of 4 reported
10:32:58 INFO    [devfolio] 432 gajshield-kjsse-hack8 -> 1511 stored so far
10:32:59 INFO    [devfolio] hackneeti sweep 1 (size=200): 0 unique of 0 reported
10:32:59 INFO    [devfolio] 433 hackneeti -> 1511 stored so far
10:32:59 INFO    [devfolio] hackneeti had no prize-winners (winners are often announced weeks after a hackathon ends)
10:33:00 INFO    [devfolio] ghrhack sweep 1 (size=200): 0 unique of 0 reported
10:33:00 INFO    [devfolio] 434 ghrhack -> 1511 stored so far
10:33:00 INFO    [devfolio] ghrhack had no prize-winners (winners are often announced weeks after a hackathon ends)
10:33:02 INFO    [devfolio] trackshift sweep 1 (size=200): 0 unique of 0 reported
10:33:02 INFO    [devfolio] 435 trackshift -> 1511 stored so far
10:33:02 INFO    [devfolio] trackshift had no prize-winners (winners are often announced weeks after a hackathon ends)
10:33:03 INFO    [devfolio] ecocode sweep 1 (size=200): 0 unique of 0 reported
10:33:03 INFO    [devfolio] 436 ecocode -> 1511 stored so far
10:33:03 INFO    [devfolio] ecocode had no prize-winners (winners are often announced weeks after a hackathon ends)
10:33:04 INFO    [devfolio] sdgforge sweep 1 (size=200): 0 unique of 0 reported
10:33:04 INFO    [devfolio] 437 sdgforge -> 1511 stored so far
10:33:04 INFO    [devfolio] sdgforge had no prize-winners (winners are often announced weeks after a hackathon ends)
10:33:06 INFO    [devfolio] hacktothefuture sweep 1 (size=200): 0 unique of 0 reported
10:33:06 INFO    [devfolio] 438 hacktothefuture -> 1511 stored so far
10:33:06 INFO    [devfolio] hacktothefuture had no prize-winners (winners are often announced weeks after a hackathon ends)
10:33:08 INFO    [devfolio] hackasol-4 sweep 1 (size=200): 6 unique of 6 reported
10:33:08 INFO    [devfolio] 439 hackasol-4 -> 1517 stored so far
10:33:09 INFO    [devfolio] glytch sweep 1 (size=200): 0 unique of 0 reported
10:33:09 INFO    [devfolio] 440 glytch -> 1517 stored so far
10:33:09 INFO    [devfolio] glytch had no prize-winners (winners are often announced weeks after a hackathon ends)
10:33:11 INFO    [devfolio] hack-karnataka sweep 1 (size=200): 0 unique of 0 reported
10:33:11 INFO    [devfolio] 441 hack-karnataka -> 1517 stored so far
10:33:11 INFO    [devfolio] hack-karnataka had no prize-winners (winners are often announced weeks after a hackathon ends)
10:33:12 INFO    [devfolio] codesangam2k25 sweep 1 (size=200): 0 unique of 0 reported
10:33:12 INFO    [devfolio] 442 codesangam2k25 -> 1517 stored so far
10:33:12 INFO    [devfolio] codesangam2k25 had no prize-winners (winners are often announced weeks after a hackathon ends)
10:33:13 INFO    [devfolio] genai-hackathon sweep 1 (size=200): 0 unique of 0 reported
10:33:13 INFO    [devfolio] 443 genai-hackathon -> 1517 stored so far
10:33:13 INFO    [devfolio] genai-hackathon had no prize-winners (winners are often announced weeks after a hackathon ends)
10:33:14 INFO    [devfolio] hack-space-1 sweep 1 (size=200): 0 unique of 0 reported
10:33:14 INFO    [devfolio] 444 hack-space-1 -> 1517 stored so far
10:33:14 INFO    [devfolio] hack-space-1 had no prize-winners (winners are often announced weeks after a hackathon ends)
10:33:15 INFO    [devfolio] hackwins sweep 1 (size=200): 0 unique of 0 reported
10:33:15 INFO    [devfolio] 445 hackwins -> 1517 stored so far
10:33:15 INFO    [devfolio] hackwins had no prize-winners (winners are often announced weeks after a hackathon ends)
10:33:18 INFO    [devfolio] elevens-code-surge sweep 1 (size=200): 3 unique of 3 reported
10:33:18 INFO    [devfolio] 446 elevens-code-surge -> 1520 stored so far
10:33:19 INFO    [devfolio] xpring-hack sweep 1 (size=200): 0 unique of 0 reported
10:33:19 INFO    [devfolio] 447 xpring-hack -> 1520 stored so far
10:33:19 INFO    [devfolio] xpring-hack had no prize-winners (winners are often announced weeks after a hackathon ends)
10:33:21 INFO    [devfolio] inout2019 sweep 1 (size=200): 5 unique of 5 reported
10:33:21 INFO    [devfolio] 448 inout2019 -> 1525 stored so far
10:33:23 INFO    [devfolio] hackon sweep 1 (size=200): 0 unique of 0 reported
10:33:23 INFO    [devfolio] 449 hackon -> 1525 stored so far
10:33:23 INFO    [devfolio] hackon had no prize-winners (winners are often announced weeks after a hackathon ends)
10:33:24 INFO    [devfolio] restartindia sweep 1 (size=200): 0 unique of 0 reported
10:33:24 INFO    [devfolio] 450 restartindia -> 1525 stored so far
10:33:24 INFO    [devfolio] restartindia had no prize-winners (winners are often announced weeks after a hackathon ends)
10:33:25 INFO    [devfolio] hacikfy sweep 1 (size=200): 0 unique of 0 reported
10:33:25 INFO    [devfolio] 451 hacikfy -> 1525 stored so far
10:33:25 INFO    [devfolio] hacikfy had no prize-winners (winners are often announced weeks after a hackathon ends)
10:33:26 INFO    [devfolio] hacksprint2 sweep 1 (size=200): 0 unique of 0 reported
10:33:26 INFO    [devfolio] 452 hacksprint2 -> 1525 stored so far
10:33:26 INFO    [devfolio] hacksprint2 had no prize-winners (winners are often announced weeks after a hackathon ends)
10:33:28 INFO    [devfolio] dappjedi sweep 1 (size=200): 4 unique of 4 reported
10:33:28 INFO    [devfolio] 453 dappjedi -> 1529 stored so far
10:33:30 INFO    [devfolio] blockbinge sweep 1 (size=200): 0 unique of 0 reported
10:33:30 INFO    [devfolio] 454 blockbinge -> 1529 stored so far
10:33:30 INFO    [devfolio] blockbinge had no prize-winners (winners are often announced weeks after a hackathon ends)
10:33:32 INFO    [devfolio] recursion-3-f2bb sweep 1 (size=200): 2 unique of 2 reported
10:33:32 INFO    [devfolio] 455 recursion-3-f2bb -> 1531 stored so far
10:33:34 INFO    [devfolio] eduthon sweep 1 (size=200): 6 unique of 6 reported
10:33:34 INFO    [devfolio] 456 eduthon -> 1537 stored so far
10:33:35 INFO    [devfolio] defhacks sweep 1 (size=200): 0 unique of 0 reported
10:33:35 INFO    [devfolio] 457 defhacks -> 1537 stored so far
10:33:35 INFO    [devfolio] defhacks had no prize-winners (winners are often announced weeks after a hackathon ends)
10:33:38 INFO    [devfolio] hackthisfall2020 sweep 1 (size=200): 3 unique of 3 reported
10:33:38 INFO    [devfolio] 458 hackthisfall2020 -> 1540 stored so far
10:33:40 INFO    [devfolio] hacknagpur sweep 1 (size=200): 17 unique of 17 reported
10:33:40 INFO    [devfolio] 459 hacknagpur -> 1557 stored so far
10:33:41 INFO    [devfolio] edtech-hackathon-iit-bombay sweep 1 (size=200): 0 unique of 0 reported
10:33:41 INFO    [devfolio] 460 edtech-hackathon-iit-bombay -> 1557 stored so far
10:33:41 INFO    [devfolio] edtech-hackathon-iit-bombay had no prize-winners (winners are often announced weeks after a hackathon ends)
10:33:44 INFO    [devfolio] bu-hack sweep 1 (size=200): 10 unique of 10 reported
10:33:44 INFO    [devfolio] 461 bu-hack -> 1567 stored so far
10:33:47 INFO    [devfolio] hack36-21 sweep 1 (size=200): 26 unique of 26 reported
10:33:47 INFO    [devfolio] 462 hack36-21 -> 1593 stored so far
10:33:49 INFO    [devfolio] codeissance-2 sweep 1 (size=200): 3 unique of 3 reported
10:33:49 INFO    [devfolio] 463 codeissance-2 -> 1596 stored so far
10:33:52 INFO    [devfolio] hackverse2022 sweep 1 (size=200): 7 unique of 7 reported
10:33:52 INFO    [devfolio] 464 hackverse2022 -> 1603 stored so far
10:33:54 INFO    [devfolio] hack-solstice sweep 1 (size=200): 4 unique of 4 reported
10:33:54 INFO    [devfolio] 465 hack-solstice -> 1607 stored so far
10:33:55 INFO    [devfolio] hackshetra-24 sweep 1 (size=200): 0 unique of 0 reported
10:33:55 INFO    [devfolio] 466 hackshetra-24 -> 1607 stored so far
10:33:55 INFO    [devfolio] hackshetra-24 had no prize-winners (winners are often announced weeks after a hackathon ends)
10:33:56 INFO    [devfolio] supernova sweep 1 (size=200): 0 unique of 0 reported
10:33:56 INFO    [devfolio] 467 supernova -> 1607 stored so far
10:33:56 INFO    [devfolio] supernova had no prize-winners (winners are often announced weeks after a hackathon ends)
10:33:59 INFO    [devfolio] warpspeed sweep 1 (size=200): 15 unique of 15 reported
10:33:59 INFO    [devfolio] 468 warpspeed -> 1622 stored so far
10:34:00 INFO    [devfolio] techminds sweep 1 (size=200): 0 unique of 0 reported
10:34:00 INFO    [devfolio] 469 techminds -> 1622 stored so far
10:34:00 INFO    [devfolio] techminds had no prize-winners (winners are often announced weeks after a hackathon ends)
10:34:03 INFO    [devfolio] scrollhacks sweep 1 (size=200): 3 unique of 3 reported
10:34:03 INFO    [devfolio] 470 scrollhacks -> 1625 stored so far
10:34:04 INFO    [devfolio] monash-hackfest sweep 1 (size=200): 0 unique of 0 reported
10:34:04 INFO    [devfolio] 471 monash-hackfest -> 1625 stored so far
10:34:04 INFO    [devfolio] monash-hackfest had no prize-winners (winners are often announced weeks after a hackathon ends)
10:34:07 INFO    [devfolio] bit-n-build sweep 1 (size=200): 12 unique of 12 reported
10:34:07 INFO    [devfolio] 472 bit-n-build -> 1637 stored so far
10:34:09 INFO    [devfolio] hackistica-23 sweep 1 (size=200): 6 unique of 6 reported
10:34:09 INFO    [devfolio] 473 hackistica-23 -> 1643 stored so far
10:34:11 INFO    [devfolio] devathon sweep 1 (size=200): 1 unique of 1 reported
10:34:11 INFO    [devfolio] 474 devathon -> 1644 stored so far
10:34:13 INFO    [devfolio] hackjklu sweep 1 (size=200): 4 unique of 4 reported
10:34:13 INFO    [devfolio] 475 hackjklu -> 1648 stored so far
10:34:15 INFO    [devfolio] hactrix-2-0 sweep 1 (size=200): 0 unique of 0 reported
10:34:15 INFO    [devfolio] 476 hactrix-2-0 -> 1648 stored so far
10:34:15 INFO    [devfolio] hactrix-2-0 had no prize-winners (winners are often announced weeks after a hackathon ends)
10:34:17 INFO    [devfolio] chakraview-code-run sweep 1 (size=200): 3 unique of 3 reported
10:34:17 INFO    [devfolio] 477 chakraview-code-run -> 1651 stored so far
10:34:18 INFO    [devfolio] bu-hack-1 sweep 1 (size=200): 0 unique of 0 reported
10:34:18 INFO    [devfolio] 478 bu-hack-1 -> 1651 stored so far
10:34:18 INFO    [devfolio] bu-hack-1 had no prize-winners (winners are often announced weeks after a hackathon ends)
10:34:20 INFO    [devfolio] ace-hack-uemj sweep 1 (size=200): 0 unique of 0 reported
10:34:20 INFO    [devfolio] 479 ace-hack-uemj -> 1651 stored so far
10:34:20 INFO    [devfolio] ace-hack-uemj had no prize-winners (winners are often announced weeks after a hackathon ends)
10:34:22 INFO    [devfolio] centuriton sweep 1 (size=200): 23 unique of 23 reported
10:34:22 INFO    [devfolio] 480 centuriton -> 1674 stored so far
10:34:24 INFO    [devfolio] beach-hack sweep 1 (size=200): 2 unique of 2 reported
10:34:24 INFO    [devfolio] 481 beach-hack -> 1676 stored so far
10:34:25 INFO    [devfolio] hack-a-thon-24 sweep 1 (size=200): 0 unique of 0 reported
10:34:25 INFO    [devfolio] 482 hack-a-thon-24 -> 1676 stored so far
10:34:25 INFO    [devfolio] hack-a-thon-24 had no prize-winners (winners are often announced weeks after a hackathon ends)
10:34:26 INFO    [devfolio] w3thon sweep 1 (size=200): 0 unique of 0 reported
10:34:26 INFO    [devfolio] 483 w3thon -> 1676 stored so far
10:34:26 INFO    [devfolio] w3thon had no prize-winners (winners are often announced weeks after a hackathon ends)
10:34:29 INFO    [devfolio] mozohack-5 sweep 1 (size=200): 3 unique of 3 reported
10:34:29 INFO    [devfolio] 484 mozohack-5 -> 1679 stored so far
10:34:31 INFO    [devfolio] ethernals sweep 1 (size=200): 51 unique of 51 reported
10:34:32 INFO    [devfolio] 485 ethernals -> 1730 stored so far
10:34:33 INFO    [devfolio] nebula sweep 1 (size=200): 0 unique of 0 reported
10:34:33 INFO    [devfolio] 486 nebula -> 1730 stored so far
10:34:33 INFO    [devfolio] nebula had no prize-winners (winners are often announced weeks after a hackathon ends)
10:34:35 INFO    [devfolio] makeathon5 sweep 1 (size=200): 7 unique of 7 reported
10:34:35 INFO    [devfolio] 487 makeathon5 -> 1737 stored so far
10:34:37 INFO    [devfolio] hacklcit sweep 1 (size=200): 2 unique of 2 reported
10:34:37 INFO    [devfolio] 488 hacklcit -> 1739 stored so far
10:34:40 INFO    [devfolio] codefest2023 sweep 1 (size=200): 5 unique of 5 reported
10:34:40 INFO    [devfolio] 489 codefest2023 -> 1744 stored so far
10:34:42 INFO    [devfolio] hack36-2024 sweep 1 (size=200): 3 unique of 3 reported
10:34:42 INFO    [devfolio] 490 hack36-2024 -> 1747 stored so far
10:34:43 INFO    [devfolio] hackerzfestcit sweep 1 (size=200): 0 unique of 0 reported
10:34:43 INFO    [devfolio] 491 hackerzfestcit -> 1747 stored so far
10:34:43 INFO    [devfolio] hackerzfestcit had no prize-winners (winners are often announced weeks after a hackathon ends)
10:34:45 INFO    [devfolio] innovation-invasion sweep 1 (size=200): 3 unique of 3 reported
10:34:45 INFO    [devfolio] 492 innovation-invasion -> 1750 stored so far
10:34:47 INFO    [devfolio] endeavour sweep 1 (size=200): 0 unique of 0 reported
10:34:47 INFO    [devfolio] 493 endeavour -> 1750 stored so far
10:34:47 INFO    [devfolio] endeavour had no prize-winners (winners are often announced weeks after a hackathon ends)
10:34:49 INFO    [devfolio] deerhack sweep 1 (size=200): 5 unique of 5 reported
10:34:49 INFO    [devfolio] 494 deerhack -> 1755 stored so far
10:34:51 INFO    [devfolio] hackspiration-24 sweep 1 (size=200): 19 unique of 19 reported
10:34:51 INFO    [devfolio] 495 hackspiration-24 -> 1774 stored so far
10:34:52 INFO    [devfolio] fusionhackz sweep 1 (size=200): 0 unique of 0 reported
10:34:52 INFO    [devfolio] 496 fusionhackz -> 1774 stored so far
10:34:52 INFO    [devfolio] fusionhackz had no prize-winners (winners are often announced weeks after a hackathon ends)
10:34:54 INFO    [devfolio] technoverse sweep 1 (size=200): 0 unique of 0 reported
10:34:54 INFO    [devfolio] 497 technoverse -> 1774 stored so far
10:34:54 INFO    [devfolio] technoverse had no prize-winners (winners are often announced weeks after a hackathon ends)
10:34:56 INFO    [devfolio] urhackathon-3 sweep 1 (size=200): 5 unique of 5 reported
10:34:56 INFO    [devfolio] 498 urhackathon-3 -> 1779 stored so far
10:34:58 INFO    [devfolio] hacknuthon-4 sweep 1 (size=200): 11 unique of 11 reported
10:34:58 INFO    [devfolio] 499 hacknuthon-4 -> 1790 stored so far
10:34:59 INFO    [devfolio] samadhanaump sweep 1 (size=200): 0 unique of 0 reported
10:34:59 INFO    [devfolio] 500 samadhanaump -> 1790 stored so far
10:34:59 INFO    [devfolio] samadhanaump had no prize-winners (winners are often announced weeks after a hackathon ends)
10:35:02 INFO    [devfolio] hackodisha3 sweep 1 (size=200): 14 unique of 14 reported
10:35:02 INFO    [devfolio] 501 hackodisha3 -> 1804 stored so far
10:35:03 INFO    [devfolio] hackx-1 sweep 1 (size=200): 0 unique of 0 reported
10:35:03 INFO    [devfolio] 502 hackx-1 -> 1804 stored so far
10:35:03 INFO    [devfolio] hackx-1 had no prize-winners (winners are often announced weeks after a hackathon ends)
10:35:04 INFO    [devfolio] axelathon2023 sweep 1 (size=200): 0 unique of 0 reported
10:35:04 INFO    [devfolio] 503 axelathon2023 -> 1804 stored so far
10:35:04 INFO    [devfolio] axelathon2023 had no prize-winners (winners are often announced weeks after a hackathon ends)
10:35:06 INFO    [devfolio] build-with sweep 1 (size=200): 0 unique of 0 reported
10:35:06 INFO    [devfolio] 504 build-with -> 1804 stored so far
10:35:06 INFO    [devfolio] build-with had no prize-winners (winners are often announced weeks after a hackathon ends)
10:35:07 INFO    [devfolio] the-ultimate-ai-challenge sweep 1 (size=200): 0 unique of 0 reported
10:35:07 INFO    [devfolio] 505 the-ultimate-ai-challenge -> 1804 stored so far
10:35:07 INFO    [devfolio] the-ultimate-ai-challenge had no prize-winners (winners are often announced weeks after a hackathon ends)
10:35:09 INFO    [devfolio] syntax-error-x sweep 1 (size=200): 13 unique of 13 reported
10:35:09 INFO    [devfolio] 506 syntax-error-x -> 1817 stored so far
10:35:12 INFO    [devfolio] ethkl2023 sweep 1 (size=200): 13 unique of 13 reported
10:35:12 INFO    [devfolio] 507 ethkl2023 -> 1830 stored so far
10:35:13 INFO    [devfolio] brainwave sweep 1 (size=200): 0 unique of 0 reported
10:35:13 INFO    [devfolio] 508 brainwave -> 1830 stored so far
10:35:13 INFO    [devfolio] brainwave had no prize-winners (winners are often announced weeks after a hackathon ends)
10:35:16 INFO    [devfolio] hackcbs-6 sweep 1 (size=200): 5 unique of 5 reported
10:35:16 INFO    [devfolio] 509 hackcbs-6 -> 1835 stored so far
10:35:17 INFO    [devfolio] version-beta-6 sweep 1 (size=200): 0 unique of 0 reported
10:35:17 INFO    [devfolio] 510 version-beta-6 -> 1835 stored so far
10:35:17 INFO    [devfolio] version-beta-6 had no prize-winners (winners are often announced weeks after a hackathon ends)
10:35:18 INFO    [devfolio] stacktoodeep-v2 sweep 1 (size=200): 0 unique of 0 reported
10:35:18 INFO    [devfolio] 511 stacktoodeep-v2 -> 1835 stored so far
10:35:18 INFO    [devfolio] stacktoodeep-v2 had no prize-winners (winners are often announced weeks after a hackathon ends)
10:35:21 INFO    [devfolio] stacktoodeep sweep 1 (size=200): 8 unique of 8 reported
10:35:21 INFO    [devfolio] 512 stacktoodeep -> 1843 stored so far
10:35:22 INFO    [devfolio] opencode23 sweep 1 (size=200): 0 unique of 0 reported
10:35:22 INFO    [devfolio] 513 opencode23 -> 1843 stored so far
10:35:22 INFO    [devfolio] opencode23 had no prize-winners (winners are often announced weeks after a hackathon ends)
10:35:23 INFO    [devfolio] innovocon2025 sweep 1 (size=200): 0 unique of 0 reported
10:35:23 INFO    [devfolio] 514 innovocon2025 -> 1843 stored so far
10:35:23 INFO    [devfolio] innovocon2025 had no prize-winners (winners are often announced weeks after a hackathon ends)
10:35:25 INFO    [devfolio] ureckathon23 sweep 1 (size=200): 3 unique of 3 reported
10:35:26 INFO    [devfolio] 515 ureckathon23 -> 1846 stored so far
10:35:27 INFO    [devfolio] udyamitsav-hackathon sweep 1 (size=200): 0 unique of 0 reported
10:35:27 INFO    [devfolio] 516 udyamitsav-hackathon -> 1846 stored so far
10:35:27 INFO    [devfolio] udyamitsav-hackathon had no prize-winners (winners are often announced weeks after a hackathon ends)
10:35:28 INFO    [devfolio] py-expo2k24 sweep 1 (size=200): 0 unique of 0 reported
10:35:28 INFO    [devfolio] 517 py-expo2k24 -> 1846 stored so far
10:35:28 INFO    [devfolio] py-expo2k24 had no prize-winners (winners are often announced weeks after a hackathon ends)
10:35:29 INFO    [devfolio] womentechies24 sweep 1 (size=200): 0 unique of 0 reported
10:35:29 INFO    [devfolio] 518 womentechies24 -> 1846 stored so far
10:35:29 INFO    [devfolio] womentechies24 had no prize-winners (winners are often announced weeks after a hackathon ends)
10:35:30 INFO    [devfolio] ureck-a-thon sweep 1 (size=200): 0 unique of 0 reported
10:35:30 INFO    [devfolio] 519 ureck-a-thon -> 1846 stored so far
10:35:30 INFO    [devfolio] ureck-a-thon had no prize-winners (winners are often announced weeks after a hackathon ends)
10:35:32 INFO    [devfolio] dimohackvitap sweep 1 (size=200): 7 unique of 7 reported
10:35:32 INFO    [devfolio] 520 dimohackvitap -> 1853 stored so far
10:35:34 INFO    [devfolio] xinnovate-kerala sweep 1 (size=200): 0 unique of 0 reported
10:35:34 INFO    [devfolio] 521 xinnovate-kerala -> 1853 stored so far
10:35:34 INFO    [devfolio] xinnovate-kerala had no prize-winners (winners are often announced weeks after a hackathon ends)
10:35:36 INFO    [devfolio] magnathon2024 sweep 1 (size=200): 5 unique of 5 reported
10:35:36 INFO    [devfolio] 522 magnathon2024 -> 1858 stored so far
10:35:38 INFO    [devfolio] code-cubicle-3 sweep 1 (size=200): 5 unique of 5 reported
10:35:38 INFO    [devfolio] 523 code-cubicle-3 -> 1863 stored so far
10:35:41 INFO    [devfolio] hackowasp6 sweep 1 (size=200): 5 unique of 5 reported
10:35:41 INFO    [devfolio] 524 hackowasp6 -> 1868 stored so far
10:35:44 INFO    [devfolio] aventus-3 sweep 1 (size=200): 7 unique of 7 reported
10:35:44 INFO    [devfolio] 525 aventus-3 -> 1875 stored so far
10:35:45 INFO    [devfolio] hacklesslessngreatergreater-pitch sweep 1 (size=200): 0 unique of 0 reported
10:35:45 INFO    [devfolio] 526 hacklesslessngreatergreater-pitch -> 1875 stored so far
10:35:45 INFO    [devfolio] hacklesslessngreatergreater-pitch had no prize-winners (winners are often announced weeks after a hackathon ends)
10:35:48 INFO    [devfolio] hacknovate5 sweep 1 (size=200): 8 unique of 8 reported
10:35:48 INFO    [devfolio] 527 hacknovate5 -> 1883 stored so far
10:35:49 INFO    [devfolio] devsoc-devfest sweep 1 (size=200): 0 unique of 0 reported
10:35:49 INFO    [devfolio] 528 devsoc-devfest -> 1883 stored so far
10:35:49 INFO    [devfolio] devsoc-devfest had no prize-winners (winners are often announced weeks after a hackathon ends)
10:35:51 INFO    [devfolio] pitchtember sweep 1 (size=200): 5 unique of 5 reported
10:35:51 INFO    [devfolio] 529 pitchtember -> 1888 stored so far
10:35:54 INFO    [devfolio] hackoverflow06 sweep 1 (size=200): 10 unique of 10 reported
10:35:54 INFO    [devfolio] 530 hackoverflow06 -> 1898 stored so far
10:35:56 INFO    [devfolio] hacksrm2020 sweep 1 (size=200): 14 unique of 14 reported
10:35:56 INFO    [devfolio] 531 hacksrm2020 -> 1912 stored so far
10:35:58 INFO    [devfolio] shehacks21 sweep 1 (size=200): 10 unique of 10 reported
10:35:59 INFO    [devfolio] 532 shehacks21 -> 1922 stored so far
10:36:01 INFO    [devfolio] hacknitr2 sweep 1 (size=200): 7 unique of 7 reported
10:36:01 INFO    [devfolio] 533 hacknitr2 -> 1929 stored so far
10:36:03 INFO    [devfolio] mesohacks2022 sweep 1 (size=200): 16 unique of 16 reported
10:36:03 INFO    [devfolio] 534 mesohacks2022 -> 1944 stored so far
10:36:06 INFO    [devfolio] definehack sweep 1 (size=200): 4 unique of 4 reported
10:36:06 INFO    [devfolio] 535 definehack -> 1948 stored so far
10:36:08 INFO    [devfolio] hackoheist sweep 1 (size=200): 17 unique of 17 reported
10:36:08 INFO    [devfolio] 536 hackoheist -> 1965 stored so far
10:36:09 INFO    [devfolio] hacknsut23 sweep 1 (size=200): 0 unique of 0 reported
10:36:09 INFO    [devfolio] 537 hacknsut23 -> 1965 stored so far
10:36:09 INFO    [devfolio] hacknsut23 had no prize-winners (winners are often announced weeks after a hackathon ends)
10:36:12 INFO    [devfolio] mozohack-4 sweep 1 (size=200): 4 unique of 4 reported
10:36:12 INFO    [devfolio] 538 mozohack-4 -> 1969 stored so far
10:36:14 INFO    [devfolio] hackthechain2 sweep 1 (size=200): 2 unique of 2 reported
10:36:14 INFO    [devfolio] 539 hackthechain2 -> 1971 stored so far
10:36:17 INFO    [devfolio] webathon sweep 1 (size=200): 3 unique of 3 reported
10:36:17 INFO    [devfolio] 540 webathon -> 1974 stored so far
10:36:19 INFO    [devfolio] electrothon6 sweep 1 (size=200): 11 unique of 11 reported
10:36:19 INFO    [devfolio] 541 electrothon6 -> 1985 stored so far
10:36:22 INFO    [devfolio] makeathon6 sweep 1 (size=200): 6 unique of 6 reported
10:36:22 INFO    [devfolio] 542 makeathon6 -> 1991 stored so far
10:36:24 INFO    [devfolio] devshouse-1 sweep 1 (size=200): 4 unique of 4 reported
10:36:24 INFO    [devfolio] 543 devshouse-1 -> 1995 stored so far
10:36:27 INFO    [devfolio] nmithacks24 sweep 1 (size=200): 11 unique of 11 reported
10:36:27 INFO    [devfolio] 544 nmithacks24 -> 2006 stored so far
10:36:28 INFO    [devfolio] kleos-s2 sweep 1 (size=200): 0 unique of 0 reported
10:36:28 INFO    [devfolio] 545 kleos-s2 -> 2006 stored so far
10:36:28 INFO    [devfolio] kleos-s2 had no prize-winners (winners are often announced weeks after a hackathon ends)
10:36:30 INFO    [devfolio] innofusionhackathon sweep 1 (size=200): 7 unique of 7 reported
10:36:30 INFO    [devfolio] 546 innofusionhackathon -> 2013 stored so far
10:36:33 INFO    [devfolio] sprinthacks2 sweep 1 (size=200): 4 unique of 4 reported
10:36:33 INFO    [devfolio] 547 sprinthacks2 -> 2017 stored so far
10:36:34 INFO    [devfolio] blitz24 sweep 1 (size=200): 0 unique of 0 reported
10:36:34 INFO    [devfolio] 548 blitz24 -> 2017 stored so far
10:36:34 INFO    [devfolio] blitz24 had no prize-winners (winners are often announced weeks after a hackathon ends)
10:36:35 INFO    [devfolio] frosthacks-s01 sweep 1 (size=200): 0 unique of 0 reported
10:36:35 INFO    [devfolio] 549 frosthacks-s01 -> 2017 stored so far
10:36:35 INFO    [devfolio] frosthacks-s01 had no prize-winners (winners are often announced weeks after a hackathon ends)
10:36:37 INFO    [devfolio] rascade sweep 1 (size=200): 0 unique of 0 reported
10:36:37 INFO    [devfolio] 550 rascade -> 2017 stored so far
10:36:37 INFO    [devfolio] rascade had no prize-winners (winners are often announced weeks after a hackathon ends)
10:36:39 INFO    [devfolio] base-batch-america sweep 1 (size=200): 11 unique of 11 reported
10:36:39 INFO    [devfolio] 551 base-batch-america -> 2028 stored so far
10:36:42 INFO    [devfolio] bhilai-hacks sweep 1 (size=200): 8 unique of 8 reported
10:36:42 INFO    [devfolio] 552 bhilai-hacks -> 2036 stored so far
10:36:44 INFO    [devfolio] softablitz sweep 1 (size=200): 9 unique of 9 reported
10:36:44 INFO    [devfolio] 553 softablitz -> 2045 stored so far
10:36:46 INFO    [devfolio] hackistica22 sweep 1 (size=200): 3 unique of 3 reported
10:36:46 INFO    [devfolio] 554 hackistica22 -> 2048 stored so far
10:36:48 INFO    [devfolio] hackoverflow5 sweep 1 (size=200): 3 unique of 3 reported
10:36:48 INFO    [devfolio] 555 hackoverflow5 -> 2051 stored so far
10:36:51 INFO    [devfolio] amithon sweep 1 (size=200): 3 unique of 3 reported
10:36:51 INFO    [devfolio] 556 amithon -> 2054 stored so far
10:36:53 INFO    [devfolio] avathon sweep 1 (size=200): 3 unique of 3 reported
10:36:53 INFO    [devfolio] 557 avathon -> 2057 stored so far
10:36:55 INFO    [devfolio] uplift sweep 1 (size=200): 20 unique of 20 reported
10:36:56 INFO    [devfolio] 558 uplift -> 2077 stored so far
10:36:58 INFO    [devfolio] ddd22 sweep 1 (size=200): 7 unique of 7 reported
10:36:58 INFO    [devfolio] 559 ddd22 -> 2084 stored so far
10:37:01 INFO    [devfolio] recursion-3 sweep 1 (size=200): 7 unique of 7 reported
10:37:01 INFO    [devfolio] 560 recursion-3 -> 2091 stored so far
10:37:03 INFO    [devfolio] hacknuthon-5 sweep 1 (size=200): 8 unique of 8 reported
10:37:03 INFO    [devfolio] 561 hacknuthon-5 -> 2099 stored so far
10:37:06 INFO    [devfolio] hackacode sweep 1 (size=200): 4 unique of 4 reported
10:37:06 INFO    [devfolio] 562 hackacode -> 2103 stored so far
10:37:09 INFO    [devfolio] hackathon-2k21 sweep 1 (size=200): 12 unique of 12 reported
10:37:09 INFO    [devfolio] 563 hackathon-2k21 -> 2115 stored so far
10:37:11 INFO    [devfolio] amu-battlegrounds sweep 1 (size=200): 3 unique of 3 reported
10:37:11 INFO    [devfolio] 564 amu-battlegrounds -> 2118 stored so far
10:37:14 INFO    [devfolio] developerdays sweep 1 (size=200): 28 unique of 28 reported
10:37:14 INFO    [devfolio] 565 developerdays -> 2146 stored so far
10:37:16 INFO    [devfolio] covihacks sweep 1 (size=200): 3 unique of 3 reported
10:37:16 INFO    [devfolio] 566 covihacks -> 2149 stored so far
10:37:19 INFO    [devfolio] electrothon-4 sweep 1 (size=200): 21 unique of 21 reported
10:37:19 INFO    [devfolio] 567 electrothon-4 -> 2170 stored so far
10:37:21 INFO    [devfolio] wmn2023 sweep 1 (size=200): 4 unique of 4 reported
10:37:21 INFO    [devfolio] 568 wmn2023 -> 2174 stored so far
10:37:22 INFO    [devfolio] devon-1 sweep 1 (size=200): 0 unique of 0 reported
10:37:22 INFO    [devfolio] 569 devon-1 -> 2174 stored so far
10:37:22 INFO    [devfolio] devon-1 had no prize-winners (winners are often announced weeks after a hackathon ends)
10:37:23 INFO    [devfolio] imnothackathon sweep 1 (size=200): 0 unique of 0 reported
10:37:23 INFO    [devfolio] 570 imnothackathon -> 2174 stored so far
10:37:23 INFO    [devfolio] imnothackathon had no prize-winners (winners are often announced weeks after a hackathon ends)
10:37:25 INFO    [devfolio] cartesi-x-eigenlayer sweep 1 (size=200): 0 unique of 0 reported
10:37:25 INFO    [devfolio] 571 cartesi-x-eigenlayer -> 2174 stored so far
10:37:25 INFO    [devfolio] cartesi-x-eigenlayer had no prize-winners (winners are often announced weeks after a hackathon ends)
10:37:27 INFO    [devfolio] avsthon sweep 1 (size=200): 20 unique of 20 reported
10:37:27 INFO    [devfolio] 572 avsthon -> 2194 stored so far
10:37:30 INFO    [devfolio] dt-designathon sweep 1 (size=200): 2 unique of 2 reported
10:37:30 INFO    [devfolio] 573 dt-designathon -> 2196 stored so far
10:37:31 INFO    [devfolio] rebuild-ownership sweep 1 (size=200): 0 unique of 0 reported
10:37:31 INFO    [devfolio] 574 rebuild-ownership -> 2196 stored so far
10:37:31 INFO    [devfolio] rebuild-ownership had no prize-winners (winners are often announced weeks after a hackathon ends)
10:37:33 INFO    [devfolio] hackmafest sweep 1 (size=200): 4 unique of 4 reported
10:37:33 INFO    [devfolio] 575 hackmafest -> 2200 stored so far
10:37:36 INFO    [devfolio] hackcbs-8 sweep 1 (size=200): 3 unique of 3 reported
10:37:36 INFO    [devfolio] 576 hackcbs-8 -> 2203 stored so far
10:37:37 INFO    [devfolio] sprinthacks-3 sweep 1 (size=200): 0 unique of 0 reported
10:37:37 INFO    [devfolio] 577 sprinthacks-3 -> 2203 stored so far
10:37:37 INFO    [devfolio] sprinthacks-3 had no prize-winners (winners are often announced weeks after a hackathon ends)
10:37:40 INFO    [devfolio] duhacks4 sweep 1 (size=200): 3 unique of 3 reported
10:37:40 INFO    [devfolio] 578 duhacks4 -> 2206 stored so far
10:37:41 INFO    [devfolio] hackoclock-1-c58f sweep 1 (size=200): 0 unique of 0 reported
10:37:41 INFO    [devfolio] 579 hackoclock-1-c58f -> 2206 stored so far
10:37:41 INFO    [devfolio] hackoclock-1-c58f had no prize-winners (winners are often announced weeks after a hackathon ends)
10:37:43 INFO    [devfolio] err-11 sweep 1 (size=200): 3 unique of 3 reported
10:37:43 INFO    [devfolio] 580 err-11 -> 2209 stored so far
10:37:45 INFO    [devfolio] istd-hackathon sweep 1 (size=200): 3 unique of 3 reported
10:37:45 INFO    [devfolio] 581 istd-hackathon -> 2212 stored so far
10:37:47 INFO    [devfolio] nexhackgu sweep 1 (size=200): 0 unique of 0 reported
10:37:47 INFO    [devfolio] 582 nexhackgu -> 2212 stored so far
10:37:47 INFO    [devfolio] nexhackgu had no prize-winners (winners are often announced weeks after a hackathon ends)
10:37:49 INFO    [devfolio] hacknight25 sweep 1 (size=200): 1 unique of 1 reported
10:37:49 INFO    [devfolio] 583 hacknight25 -> 2213 stored so far
10:37:51 INFO    [devfolio] hackify sweep 1 (size=200): 5 unique of 5 reported
10:37:51 INFO    [devfolio] 584 hackify -> 2218 stored so far
10:37:53 INFO    [devfolio] zk-hack-krakow sweep 1 (size=200): 25 unique of 25 reported
10:37:53 INFO    [devfolio] 585 zk-hack-krakow -> 2243 stored so far
10:37:56 INFO    [devfolio] ethdubai-2024 sweep 1 (size=200): 8 unique of 8 reported
10:37:56 INFO    [devfolio] 586 ethdubai-2024 -> 2251 stored so far
10:37:58 INFO    [devfolio] ethberlin sweep 1 (size=200): 8 unique of 8 reported
10:37:59 INFO    [devfolio] 587 ethberlin -> 2259 stored so far
10:38:01 INFO    [devfolio] ethseoul2024 sweep 1 (size=200): 29 unique of 29 reported
10:38:01 INFO    [devfolio] 588 ethseoul2024 -> 2288 stored so far
10:38:04 INFO    [devfolio] onchain-ai-blr sweep 1 (size=200): 4 unique of 4 reported
10:38:04 INFO    [devfolio] 589 onchain-ai-blr -> 2292 stored so far
10:38:06 INFO    [devfolio] hacknwin-2-0 sweep 1 (size=200): 3 unique of 3 reported
10:38:06 INFO    [devfolio] 590 hacknwin-2-0 -> 2295 stored so far
10:38:08 INFO    [devfolio] olabs-hackathon sweep 1 (size=200): 8 unique of 8 reported
10:38:08 INFO    [devfolio] 591 olabs-hackathon -> 2303 stored so far
10:38:09 INFO    [devfolio] hacknwin sweep 1 (size=200): 0 unique of 0 reported
10:38:09 INFO    [devfolio] 592 hacknwin -> 2303 stored so far
10:38:09 INFO    [devfolio] hacknwin had no prize-winners (winners are often announced weeks after a hackathon ends)
10:38:12 INFO    [devfolio] definehack-3 sweep 1 (size=200): 6 unique of 6 reported
10:38:12 INFO    [devfolio] 593 definehack-3 -> 2309 stored so far
10:38:13 INFO    [devfolio] eth-uprising-hackathon sweep 1 (size=200): 0 unique of 0 reported
10:38:13 INFO    [devfolio] 594 eth-uprising-hackathon -> 2309 stored so far
10:38:13 INFO    [devfolio] eth-uprising-hackathon had no prize-winners (winners are often announced weeks after a hackathon ends)
10:38:17 INFO    [devfolio] ethindia2023 sweep 1 (size=200): 226 unique of 227 reported
10:38:23 INFO    [devfolio] ethindia2023 sweep 2 (size=50): 226 unique of 227 reported
10:38:26 INFO    [devfolio] ethindia2023 sweep 3 (size=100): 227 unique of 227 reported
10:38:26 INFO    [devfolio] 595 ethindia2023 -> 2536 stored so far
10:38:27 INFO    [devfolio] bio-x-ai-berlin sweep 1 (size=200): 0 unique of 0 reported
10:38:27 INFO    [devfolio] 596 bio-x-ai-berlin -> 2536 stored so far
10:38:27 INFO    [devfolio] bio-x-ai-berlin had no prize-winners (winners are often announced weeks after a hackathon ends)
10:38:30 INFO    [devfolio] hello-world-hacks sweep 1 (size=200): 5 unique of 5 reported
10:38:30 INFO    [devfolio] 597 hello-world-hacks -> 2541 stored so far
10:38:31 INFO    [devfolio] dayzero sweep 1 (size=200): 0 unique of 0 reported
10:38:31 INFO    [devfolio] 598 dayzero -> 2541 stored so far
10:38:31 INFO    [devfolio] dayzero had no prize-winners (winners are often announced weeks after a hackathon ends)
10:38:33 INFO    [devfolio] zypherpunk sweep 1 (size=200): 77 unique of 77 reported
10:38:34 INFO    [devfolio] 599 zypherpunk -> 2618 stored so far
10:38:36 INFO    [devfolio] hack-beyond-limits-online-odyssey sweep 1 (size=200): 9 unique of 9 reported
10:38:36 INFO    [devfolio] 600 hack-beyond-limits-online-odyssey -> 2627 stored so far
10:38:38 INFO    [devfolio] hack-genesis-5 sweep 1 (size=200): 0 unique of 0 reported
10:38:38 INFO    [devfolio] 601 hack-genesis-5 -> 2627 stored so far
10:38:38 INFO    [devfolio] hack-genesis-5 had no prize-winners (winners are often announced weeks after a hackathon ends)
10:38:39 INFO    [devfolio] welldocxscopexvitc sweep 1 (size=200): 0 unique of 0 reported
10:38:39 INFO    [devfolio] 602 welldocxscopexvitc -> 2627 stored so far
10:38:39 INFO    [devfolio] welldocxscopexvitc had no prize-winners (winners are often announced weeks after a hackathon ends)
10:38:42 INFO    [devfolio] ethindia-villa sweep 1 (size=200): 17 unique of 17 reported
10:38:42 INFO    [devfolio] 603 ethindia-villa -> 2644 stored so far
10:38:44 INFO    [devfolio] stacktoodeep-v-3 sweep 1 (size=200): 6 unique of 6 reported
10:38:44 INFO    [devfolio] 604 stacktoodeep-v-3 -> 2650 stored so far
10:38:45 INFO    [devfolio] codelite2o sweep 1 (size=200): 0 unique of 0 reported
10:38:45 INFO    [devfolio] 605 codelite2o -> 2650 stored so far
10:38:45 INFO    [devfolio] codelite2o had no prize-winners (winners are often announced weeks after a hackathon ends)
10:38:46 INFO    [devfolio] enigma-26 sweep 1 (size=200): 0 unique of 0 reported
10:38:46 INFO    [devfolio] 606 enigma-26 -> 2650 stored so far
10:38:46 INFO    [devfolio] enigma-26 had no prize-winners (winners are often announced weeks after a hackathon ends)
10:38:48 INFO    [devfolio] rekkathon sweep 1 (size=200): 0 unique of 0 reported
10:38:48 INFO    [devfolio] 607 rekkathon -> 2650 stored so far
10:38:48 INFO    [devfolio] rekkathon had no prize-winners (winners are often announced weeks after a hackathon ends)
10:38:49 INFO    [devfolio] hackjnu4 sweep 1 (size=200): 0 unique of 0 reported
10:38:49 INFO    [devfolio] 608 hackjnu4 -> 2650 stored so far
10:38:49 INFO    [devfolio] hackjnu4 had no prize-winners (winners are often announced weeks after a hackathon ends)
10:38:50 INFO    [devfolio] code-and-chaos sweep 1 (size=200): 0 unique of 0 reported
10:38:50 INFO    [devfolio] 609 code-and-chaos -> 2650 stored so far
10:38:50 INFO    [devfolio] code-and-chaos had no prize-winners (winners are often announced weeks after a hackathon ends)
10:38:53 INFO    [devfolio] hackmol-5 sweep 1 (size=200): 6 unique of 6 reported
10:38:53 INFO    [devfolio] 610 hackmol-5 -> 2656 stored so far
10:38:54 INFO    [devfolio] campfire-hackathon sweep 1 (size=200): 0 unique of 0 reported
10:38:54 INFO    [devfolio] 611 campfire-hackathon -> 2656 stored so far
10:38:54 INFO    [devfolio] campfire-hackathon had no prize-winners (winners are often announced weeks after a hackathon ends)
10:38:55 INFO    [devfolio] unhack sweep 1 (size=200): 0 unique of 0 reported
10:38:55 INFO    [devfolio] 612 unhack -> 2656 stored so far
10:38:55 INFO    [devfolio] unhack had no prize-winners (winners are often announced weeks after a hackathon ends)
10:38:57 INFO    [devfolio] code-recet-2 sweep 1 (size=200): 4 unique of 4 reported
10:38:58 INFO    [devfolio] 613 code-recet-2 -> 2660 stored so far
10:39:00 INFO    [devfolio] ethindia2024 sweep 1 (size=200): 130 unique of 130 reported
10:39:00 INFO    [devfolio] 614 ethindia2024 -> 2790 stored so far
10:39:01 INFO    [devfolio] winter-of-code-5 sweep 1 (size=200): 0 unique of 0 reported
10:39:01 INFO    [devfolio] 615 winter-of-code-5 -> 2790 stored so far
10:39:01 INFO    [devfolio] winter-of-code-5 had no prize-winners (winners are often announced weeks after a hackathon ends)
10:39:04 INFO    [devfolio] acehack5 sweep 1 (size=200): 3 unique of 3 reported
10:39:04 INFO    [devfolio] 616 acehack5 -> 2793 stored so far
10:39:05 INFO    [devfolio] hack2future sweep 1 (size=200): 0 unique of 0 reported
10:39:05 INFO    [devfolio] 617 hack2future -> 2793 stored so far
10:39:05 INFO    [devfolio] hack2future had no prize-winners (winners are often announced weeks after a hackathon ends)
10:39:06 INFO    [devfolio] hack-gear-2-ce43 sweep 1 (size=200): 0 unique of 0 reported
10:39:06 INFO    [devfolio] 618 hack-gear-2-ce43 -> 2793 stored so far
10:39:06 INFO    [devfolio] hack-gear-2-ce43 had no prize-winners (winners are often announced weeks after a hackathon ends)
10:39:07 INFO    [devfolio] hackquest-hackatarch4 sweep 1 (size=200): 0 unique of 0 reported
10:39:07 INFO    [devfolio] 619 hackquest-hackatarch4 -> 2793 stored so far
10:39:07 INFO    [devfolio] hackquest-hackatarch4 had no prize-winners (winners are often announced weeks after a hackathon ends)
10:39:08 INFO    [devfolio] knowledgequarry-2026 sweep 1 (size=200): 0 unique of 0 reported
10:39:08 INFO    [devfolio] 620 knowledgequarry-2026 -> 2793 stored so far
10:39:08 INFO    [devfolio] knowledgequarry-2026 had no prize-winners (winners are often announced weeks after a hackathon ends)
10:39:09 INFO    [devfolio] voidv1 sweep 1 (size=200): 0 unique of 0 reported
10:39:09 INFO    [devfolio] 621 voidv1 -> 2793 stored so far
10:39:09 INFO    [devfolio] voidv1 had no prize-winners (winners are often announced weeks after a hackathon ends)
10:39:10 INFO    [devfolio] hackgood sweep 1 (size=200): 0 unique of 0 reported
10:39:10 INFO    [devfolio] 622 hackgood -> 2793 stored so far
10:39:10 INFO    [devfolio] hackgood had no prize-winners (winners are often announced weeks after a hackathon ends)
10:39:12 INFO    [devfolio] sparkathon-01 sweep 1 (size=200): 0 unique of 0 reported
10:39:12 INFO    [devfolio] 623 sparkathon-01 -> 2793 stored so far
10:39:12 INFO    [devfolio] sparkathon-01 had no prize-winners (winners are often announced weeks after a hackathon ends)
10:39:13 INFO    [devfolio] offgrid sweep 1 (size=200): 0 unique of 0 reported
10:39:13 INFO    [devfolio] 624 offgrid -> 2793 stored so far
10:39:13 INFO    [devfolio] offgrid had no prize-winners (winners are often announced weeks after a hackathon ends)
10:39:14 INFO    [devfolio] codesriijan sweep 1 (size=200): 0 unique of 0 reported
10:39:14 INFO    [devfolio] 625 codesriijan -> 2793 stored so far
10:39:14 INFO    [devfolio] codesriijan had no prize-winners (winners are often announced weeks after a hackathon ends)
10:39:17 INFO    [devfolio] matrix-3 sweep 1 (size=200): 3 unique of 3 reported
10:39:17 INFO    [devfolio] 626 matrix-3 -> 2796 stored so far
10:39:19 INFO    [devfolio] code-nakshatra sweep 1 (size=200): 1 unique of 1 reported
10:39:19 INFO    [devfolio] 627 code-nakshatra -> 2797 stored so far
10:39:21 INFO    [devfolio] ctrl-build sweep 1 (size=200): 0 unique of 0 reported
10:39:21 INFO    [devfolio] 628 ctrl-build -> 2797 stored so far
10:39:21 INFO    [devfolio] ctrl-build had no prize-winners (winners are often announced weeks after a hackathon ends)
10:39:22 INFO    [devfolio] framework sweep 1 (size=200): 0 unique of 0 reported
10:39:22 INFO    [devfolio] 629 framework -> 2797 stored so far
10:39:22 INFO    [devfolio] framework had no prize-winners (winners are often announced weeks after a hackathon ends)
10:39:23 INFO    [devfolio] hackandchill--3 sweep 1 (size=200): 0 unique of 0 reported
10:39:23 INFO    [devfolio] 630 hackandchill--3 -> 2797 stored so far
10:39:23 INFO    [devfolio] hackandchill--3 had no prize-winners (winners are often announced weeks after a hackathon ends)
10:39:24 INFO    [devfolio] hackwave2 sweep 1 (size=200): 0 unique of 0 reported
10:39:24 INFO    [devfolio] 631 hackwave2 -> 2797 stored so far
10:39:24 INFO    [devfolio] hackwave2 had no prize-winners (winners are often announced weeks after a hackathon ends)
10:39:27 INFO    [devfolio] diversionk-1 sweep 1 (size=200): 1 unique of 1 reported
10:39:27 INFO    [devfolio] 632 diversionk-1 -> 2798 stored so far
10:39:29 INFO    [devfolio] nmithacks26 sweep 1 (size=200): 15 unique of 15 reported
10:39:29 INFO    [devfolio] 633 nmithacks26 -> 2813 stored so far
10:39:30 INFO    [devfolio] mumbaihacks25-round1 sweep 1 (size=200): 0 unique of 0 reported
10:39:30 INFO    [devfolio] 634 mumbaihacks25-round1 -> 2813 stored so far
10:39:30 INFO    [devfolio] mumbaihacks25-round1 had no prize-winners (winners are often announced weeks after a hackathon ends)
10:39:31 INFO    [devfolio] electrothon-8 sweep 1 (size=200): 0 unique of 0 reported
10:39:31 INFO    [devfolio] 635 electrothon-8 -> 2813 stored so far
10:39:31 INFO    [devfolio] electrothon-8 had no prize-winners (winners are often announced weeks after a hackathon ends)
10:39:33 INFO    [devfolio] diversion2k26 sweep 1 (size=200): 15 unique of 15 reported
10:39:33 INFO    [devfolio] 636 diversion2k26 -> 2828 stored so far
10:39:36 INFO    [devfolio] chromion-chainlink-hackathon sweep 1 (size=200): 22 unique of 22 reported
10:39:36 INFO    [devfolio] 637 chromion-chainlink-hackathon -> 2850 stored so far
10:39:37 INFO    [devfolio] base-batches-robotics-track sweep 1 (size=200): 0 unique of 0 reported
10:39:37 INFO    [devfolio] 638 base-batches-robotics-track -> 2850 stored so far
10:39:37 INFO    [devfolio] base-batches-robotics-track had no prize-winners (winners are often announced weeks after a hackathon ends)
10:39:39 INFO    [devfolio] tech-genesis sweep 1 (size=200): 3 unique of 3 reported
10:39:39 INFO    [devfolio] 639 tech-genesis -> 2853 stored so far
10:39:41 INFO    [devfolio] technocrats-hackathon sweep 1 (size=200): 7 unique of 7 reported
10:39:41 INFO    [devfolio] 640 technocrats-hackathon -> 2859 stored so far
10:39:43 INFO    [devfolio] paygentic-week2 sweep 1 (size=200): 3 unique of 3 reported
10:39:43 INFO    [devfolio] 641 paygentic-week2 -> 2862 stored so far
10:39:44 INFO    [devfolio] codestorm-week1-2026 sweep 1 (size=200): 0 unique of 0 reported
10:39:44 INFO    [devfolio] 642 codestorm-week1-2026 -> 2862 stored so far
10:39:44 INFO    [devfolio] codestorm-week1-2026 had no prize-winners (winners are often announced weeks after a hackathon ends)
10:39:46 INFO    [devfolio] hackgenome2026 sweep 1 (size=200): 0 unique of 0 reported
10:39:46 INFO    [devfolio] 643 hackgenome2026 -> 2862 stored so far
10:39:46 INFO    [devfolio] hackgenome2026 had no prize-winners (winners are often announced weeks after a hackathon ends)
10:39:47 INFO    [devfolio] flutterflow-champions-league-hackathon sweep 1 (size=200): 0 unique of 0 reported
10:39:47 INFO    [devfolio] 644 flutterflow-champions-league-hackathon -> 2862 stored so far
10:39:47 INFO    [devfolio] flutterflow-champions-league-hackathon had no prize-winners (winners are often announced weeks after a hackathon ends)
10:39:49 INFO    [devfolio] road-to-devcon-iitr sweep 1 (size=200): 3 unique of 3 reported
10:39:50 INFO    [devfolio] 645 road-to-devcon-iitr -> 2865 stored so far
10:39:51 INFO    [devfolio] codewars-2 sweep 1 (size=200): 0 unique of 0 reported
10:39:51 INFO    [devfolio] 646 codewars-2 -> 2865 stored so far
10:39:51 INFO    [devfolio] codewars-2 had no prize-winners (winners are often announced weeks after a hackathon ends)
10:39:52 INFO    [devfolio] dothack26 sweep 1 (size=200): 0 unique of 0 reported
10:39:52 INFO    [devfolio] 647 dothack26 -> 2865 stored so far
10:39:52 INFO    [devfolio] dothack26 had no prize-winners (winners are often announced weeks after a hackathon ends)
10:39:53 INFO    [devfolio] pec-hacks sweep 1 (size=200): 0 unique of 0 reported
10:39:53 INFO    [devfolio] 648 pec-hacks -> 2865 stored so far
10:39:53 INFO    [devfolio] pec-hacks had no prize-winners (winners are often announced weeks after a hackathon ends)
10:39:55 INFO    [devfolio] innosprint-3 sweep 1 (size=200): 0 unique of 0 reported
10:39:55 INFO    [devfolio] 649 innosprint-3 -> 2865 stored so far
10:39:55 INFO    [devfolio] innosprint-3 had no prize-winners (winners are often announced weeks after a hackathon ends)
10:39:56 INFO    [devfolio] hack-with-gdg-s3 sweep 1 (size=200): 0 unique of 0 reported
10:39:56 INFO    [devfolio] 650 hack-with-gdg-s3 -> 2865 stored so far
10:39:56 INFO    [devfolio] hack-with-gdg-s3 had no prize-winners (winners are often announced weeks after a hackathon ends)
10:39:57 INFO    [devfolio] dominion2026 sweep 1 (size=200): 0 unique of 0 reported
10:39:57 INFO    [devfolio] 651 dominion2026 -> 2865 stored so far
10:39:57 INFO    [devfolio] dominion2026 had no prize-winners (winners are often announced weeks after a hackathon ends)
10:39:58 INFO    [devfolio] hacknauts26 sweep 1 (size=200): 0 unique of 0 reported
10:39:58 INFO    [devfolio] 652 hacknauts26 -> 2865 stored so far
10:39:58 INFO    [devfolio] hacknauts26 had no prize-winners (winners are often announced weeks after a hackathon ends)
10:39:59 INFO    [devfolio] origins sweep 1 (size=200): 0 unique of 0 reported
10:39:59 INFO    [devfolio] 653 origins -> 2865 stored so far
10:39:59 INFO    [devfolio] origins had no prize-winners (winners are often announced weeks after a hackathon ends)
10:40:00 INFO    [devfolio] mateohacks sweep 1 (size=200): 0 unique of 0 reported
10:40:00 INFO    [devfolio] 654 mateohacks -> 2865 stored so far
10:40:00 INFO    [devfolio] mateohacks had no prize-winners (winners are often announced weeks after a hackathon ends)
10:40:02 INFO    [devfolio] hack-plaksha sweep 1 (size=200): 10 unique of 10 reported
10:40:02 INFO    [devfolio] 655 hack-plaksha -> 2875 stored so far
10:40:03 INFO    [devfolio] code-sangam sweep 1 (size=200): 0 unique of 0 reported
10:40:03 INFO    [devfolio] 656 code-sangam -> 2875 stored so far
10:40:03 INFO    [devfolio] code-sangam had no prize-winners (winners are often announced weeks after a hackathon ends)
10:40:05 INFO    [devfolio] hackordinado sweep 1 (size=200): 0 unique of 0 reported
10:40:05 INFO    [devfolio] 657 hackordinado -> 2875 stored so far
10:40:05 INFO    [devfolio] hackordinado had no prize-winners (winners are often announced weeks after a hackathon ends)
10:40:06 INFO    [devfolio] hack-it-up sweep 1 (size=200): 0 unique of 0 reported
10:40:06 INFO    [devfolio] 658 hack-it-up -> 2875 stored so far
10:40:06 INFO    [devfolio] hack-it-up had no prize-winners (winners are often announced weeks after a hackathon ends)
10:40:07 INFO    [devfolio] womentechies25 sweep 1 (size=200): 0 unique of 0 reported
10:40:07 INFO    [devfolio] 659 womentechies25 -> 2875 stored so far
10:40:07 INFO    [devfolio] womentechies25 had no prize-winners (winners are often announced weeks after a hackathon ends)
10:40:08 INFO    [devfolio] infronix sweep 1 (size=200): 0 unique of 0 reported
10:40:08 INFO    [devfolio] 660 infronix -> 2875 stored so far
10:40:08 INFO    [devfolio] infronix had no prize-winners (winners are often announced weeks after a hackathon ends)
10:40:10 INFO    [devfolio] flowathon-2025 sweep 1 (size=200): 0 unique of 0 reported
10:40:10 INFO    [devfolio] 661 flowathon-2025 -> 2875 stored so far
10:40:10 INFO    [devfolio] flowathon-2025 had no prize-winners (winners are often announced weeks after a hackathon ends)
10:40:11 INFO    [devfolio] india-ascends sweep 1 (size=200): 0 unique of 0 reported
10:40:11 INFO    [devfolio] 662 india-ascends -> 2875 stored so far
10:40:11 INFO    [devfolio] india-ascends had no prize-winners (winners are often announced weeks after a hackathon ends)
10:40:12 INFO    [devfolio] eclipse-gdg-jssateb-hackathon sweep 1 (size=200): 0 unique of 0 reported
10:40:12 INFO    [devfolio] 663 eclipse-gdg-jssateb-hackathon -> 2875 stored so far
10:40:12 INFO    [devfolio] eclipse-gdg-jssateb-hackathon had no prize-winners (winners are often announced weeks after a hackathon ends)
10:40:13 INFO    [devfolio] codeshift sweep 1 (size=200): 0 unique of 0 reported
10:40:13 INFO    [devfolio] 664 codeshift -> 2875 stored so far
10:40:13 INFO    [devfolio] codeshift had no prize-winners (winners are often announced weeks after a hackathon ends)
10:40:14 INFO    [devfolio] hackverse-into-the-web sweep 1 (size=200): 0 unique of 0 reported
10:40:14 INFO    [devfolio] 665 hackverse-into-the-web -> 2875 stored so far
10:40:14 INFO    [devfolio] hackverse-into-the-web had no prize-winners (winners are often announced weeks after a hackathon ends)
10:40:15 INFO    [devfolio] builders-day-hackunion sweep 1 (size=200): 0 unique of 0 reported
10:40:15 INFO    [devfolio] 666 builders-day-hackunion -> 2875 stored so far
10:40:15 INFO    [devfolio] builders-day-hackunion had no prize-winners (winners are often announced weeks after a hackathon ends)
10:40:17 INFO    [devfolio] define4 sweep 1 (size=200): 0 unique of 0 reported
10:40:17 INFO    [devfolio] 667 define4 -> 2875 stored so far
10:40:17 INFO    [devfolio] define4 had no prize-winners (winners are often announced weeks after a hackathon ends)
10:40:18 INFO    [devfolio] cognition-gamejam-1 sweep 1 (size=200): 0 unique of 0 reported
10:40:18 INFO    [devfolio] 668 cognition-gamejam-1 -> 2875 stored so far
10:40:18 INFO    [devfolio] cognition-gamejam-1 had no prize-winners (winners are often announced weeks after a hackathon ends)
10:40:19 INFO    [devfolio] realm-hack-1 sweep 1 (size=200): 0 unique of 0 reported
10:40:19 INFO    [devfolio] 669 realm-hack-1 -> 2875 stored so far
10:40:19 INFO    [devfolio] realm-hack-1 had no prize-winners (winners are often announced weeks after a hackathon ends)
10:40:20 INFO    [devfolio] codestorm-futureforge sweep 1 (size=200): 0 unique of 0 reported
10:40:20 INFO    [devfolio] 670 codestorm-futureforge -> 2875 stored so far
10:40:20 INFO    [devfolio] codestorm-futureforge had no prize-winners (winners are often announced weeks after a hackathon ends)
10:40:22 INFO    [devfolio] binary-hacks-4 sweep 1 (size=200): 0 unique of 0 reported
10:40:22 INFO    [devfolio] 671 binary-hacks-4 -> 2875 stored so far
10:40:22 INFO    [devfolio] binary-hacks-4 had no prize-winners (winners are often announced weeks after a hackathon ends)
10:40:23 INFO    [devfolio] innohacks-4 sweep 1 (size=200): 0 unique of 0 reported
10:40:23 INFO    [devfolio] 672 innohacks-4 -> 2875 stored so far
10:40:23 INFO    [devfolio] innohacks-4 had no prize-winners (winners are often announced weeks after a hackathon ends)
10:40:24 INFO    [devfolio] strategem sweep 1 (size=200): 0 unique of 0 reported
10:40:24 INFO    [devfolio] 673 strategem -> 2875 stored so far
10:40:24 INFO    [devfolio] strategem had no prize-winners (winners are often announced weeks after a hackathon ends)
10:40:25 INFO    [devfolio] hackopitch-iitm sweep 1 (size=200): 0 unique of 0 reported
10:40:25 INFO    [devfolio] 674 hackopitch-iitm -> 2875 stored so far
10:40:25 INFO    [devfolio] hackopitch-iitm had no prize-winners (winners are often announced weeks after a hackathon ends)
10:40:26 INFO    [devfolio] hackthefuture sweep 1 (size=200): 0 unique of 0 reported
10:40:27 INFO    [devfolio] 675 hackthefuture -> 2875 stored so far
10:40:27 INFO    [devfolio] hackthefuture had no prize-winners (winners are often announced weeks after a hackathon ends)
10:40:28 INFO    [devfolio] odyssey sweep 1 (size=200): 0 unique of 0 reported
10:40:28 INFO    [devfolio] 676 odyssey -> 2875 stored so far
10:40:28 INFO    [devfolio] odyssey had no prize-winners (winners are often announced weeks after a hackathon ends)
10:40:30 INFO    [devfolio] equinox-2023 sweep 1 (size=200): 6 unique of 6 reported
10:40:30 INFO    [devfolio] 677 equinox-2023 -> 2881 stored so far
10:40:33 INFO    [devfolio] hacktoberhacks sweep 1 (size=200): 3 unique of 3 reported
10:40:33 INFO    [devfolio] 678 hacktoberhacks -> 2884 stored so far
10:40:35 INFO    [devfolio] hackverse sweep 1 (size=200): 4 unique of 4 reported
10:40:35 INFO    [devfolio] 679 hackverse -> 2888 stored so far
10:40:38 INFO    [devfolio] hack4inclusion sweep 1 (size=200): 8 unique of 8 reported
10:40:38 INFO    [devfolio] 680 hack4inclusion -> 2896 stored so far
10:40:41 INFO    [devfolio] ssoc sweep 1 (size=200): 16 unique of 16 reported
10:40:41 INFO    [devfolio] 681 ssoc -> 2912 stored so far
10:40:43 INFO    [devfolio] ideathon-2k22 sweep 1 (size=200): 12 unique of 12 reported
10:40:43 INFO    [devfolio] 682 ideathon-2k22 -> 2924 stored so far
10:40:46 INFO    [devfolio] hacknpitch sweep 1 (size=200): 2 unique of 2 reported
10:40:46 INFO    [devfolio] 683 hacknpitch -> 2926 stored so far
10:40:48 INFO    [devfolio] code-by-the-beach sweep 1 (size=200): 16 unique of 16 reported
10:40:48 INFO    [devfolio] 684 code-by-the-beach -> 2942 stored so far
10:40:50 INFO    [devfolio] wmn sweep 1 (size=200): 7 unique of 7 reported
10:40:50 INFO    [devfolio] 685 wmn -> 2949 stored so far
10:40:53 INFO    [devfolio] cybershadez-23 sweep 1 (size=200): 2 unique of 2 reported
10:40:53 INFO    [devfolio] 686 cybershadez-23 -> 2951 stored so far
10:40:55 INFO    [devfolio] cicada-3301-reinvented sweep 1 (size=200): 7 unique of 7 reported
10:40:55 INFO    [devfolio] 687 cicada-3301-reinvented -> 2958 stored so far
10:40:58 INFO    [devfolio] chefshack sweep 1 (size=200): 3 unique of 3 reported
10:40:58 INFO    [devfolio] 688 chefshack -> 2961 stored so far
10:41:00 INFO    [devfolio] the-grand-hackathon-1 sweep 1 (size=200): 3 unique of 3 reported
10:41:00 INFO    [devfolio] 689 the-grand-hackathon-1 -> 2964 stored so far
10:41:02 INFO    [devfolio] spit-hackathon-2021 sweep 1 (size=200): 2 unique of 2 reported
10:41:02 INFO    [devfolio] 690 spit-hackathon-2021 -> 2966 stored so far
10:41:05 INFO    [devfolio] codebreak-3 sweep 1 (size=200): 5 unique of 5 reported
10:41:05 INFO    [devfolio] 691 codebreak-3 -> 2971 stored so far
10:41:07 INFO    [devfolio] kjscehack sweep 1 (size=200): 3 unique of 3 reported
10:41:07 INFO    [devfolio] 692 kjscehack -> 2974 stored so far
10:41:10 INFO    [devfolio] dotslash-1 sweep 1 (size=200): 19 unique of 19 reported
10:41:10 INFO    [devfolio] 693 dotslash-1 -> 2993 stored so far
10:41:12 INFO    [devfolio] bytecamp22 sweep 1 (size=200): 3 unique of 3 reported
10:41:12 INFO    [devfolio] 694 bytecamp22 -> 2996 stored so far
10:41:15 INFO    [devfolio] kjscehack22 sweep 1 (size=200): 10 unique of 10 reported
10:41:15 INFO    [devfolio] 695 kjscehack22 -> 3006 stored so far
10:41:17 INFO    [devfolio] resonate sweep 1 (size=200): 4 unique of 4 reported
10:41:17 INFO    [devfolio] 696 resonate -> 3010 stored so far
10:41:20 INFO    [devfolio] technophilia-jusc sweep 1 (size=200): 15 unique of 15 reported
10:41:20 INFO    [devfolio] 697 technophilia-jusc -> 3025 stored so far
10:41:22 INFO    [devfolio] hackmoreish sweep 1 (size=200): 5 unique of 5 reported
10:41:23 INFO    [devfolio] 698 hackmoreish -> 3030 stored so far
10:41:25 INFO    [devfolio] hackbells sweep 1 (size=200): 2 unique of 2 reported
10:41:25 INFO    [devfolio] 699 hackbells -> 3032 stored so far
10:41:28 INFO    [devfolio] foundry sweep 1 (size=200): 3 unique of 3 reported
10:41:28 INFO    [devfolio] 700 foundry -> 3035 stored so far
10:41:30 INFO    [devfolio] codebreak-4 sweep 1 (size=200): 9 unique of 9 reported
10:41:30 INFO    [devfolio] 701 codebreak-4 -> 3044 stored so far
10:41:31 INFO    [devfolio] hackerzfest-v sweep 1 (size=200): 0 unique of 0 reported
10:41:31 INFO    [devfolio] 702 hackerzfest-v -> 3044 stored so far
10:41:31 INFO    [devfolio] hackerzfest-v had no prize-winners (winners are often announced weeks after a hackathon ends)
10:41:32 INFO    [devfolio] opensourcexceleratecohort sweep 1 (size=200): 0 unique of 0 reported
10:41:32 INFO    [devfolio] 703 opensourcexceleratecohort -> 3044 stored so far
10:41:32 INFO    [devfolio] opensourcexceleratecohort had no prize-winners (winners are often announced weeks after a hackathon ends)
10:41:34 INFO    [devfolio] techmasters sweep 1 (size=200): 0 unique of 0 reported
10:41:34 INFO    [devfolio] 704 techmasters -> 3044 stored so far
10:41:34 INFO    [devfolio] techmasters had no prize-winners (winners are often announced weeks after a hackathon ends)
10:41:35 INFO    [devfolio] slop-3 sweep 1 (size=200): 0 unique of 0 reported
10:41:35 INFO    [devfolio] 705 slop-3 -> 3044 stored so far
10:41:35 INFO    [devfolio] slop-3 had no prize-winners (winners are often announced weeks after a hackathon ends)
10:41:36 INFO    [devfolio] builders-ground sweep 1 (size=200): 0 unique of 0 reported
10:41:36 INFO    [devfolio] 706 builders-ground -> 3044 stored so far
10:41:36 INFO    [devfolio] builders-ground had no prize-winners (winners are often announced weeks after a hackathon ends)
10:41:37 INFO    [devfolio] bytebash sweep 1 (size=200): 0 unique of 0 reported
10:41:37 INFO    [devfolio] 707 bytebash -> 3044 stored so far
10:41:37 INFO    [devfolio] bytebash had no prize-winners (winners are often announced weeks after a hackathon ends)
10:41:38 INFO    [devfolio] sandharniya-vikas-hackathon sweep 1 (size=200): 0 unique of 0 reported
10:41:38 INFO    [devfolio] 708 sandharniya-vikas-hackathon -> 3044 stored so far
10:41:38 INFO    [devfolio] sandharniya-vikas-hackathon had no prize-winners (winners are often announced weeks after a hackathon ends)
10:41:39 INFO    [devfolio] fusioncode sweep 1 (size=200): 0 unique of 0 reported
10:41:39 INFO    [devfolio] 709 fusioncode -> 3044 stored so far
10:41:39 INFO    [devfolio] fusioncode had no prize-winners (winners are often announced weeks after a hackathon ends)
10:41:40 INFO    [devfolio] robofest-offline-hackathon-ras sweep 1 (size=200): 0 unique of 0 reported
10:41:40 INFO    [devfolio] 710 robofest-offline-hackathon-ras -> 3044 stored so far
10:41:40 INFO    [devfolio] robofest-offline-hackathon-ras had no prize-winners (winners are often announced weeks after a hackathon ends)
10:41:41 INFO    [devfolio] hack-carnival sweep 1 (size=200): 0 unique of 0 reported
10:41:41 INFO    [devfolio] 711 hack-carnival -> 3044 stored so far
10:41:41 INFO    [devfolio] hack-carnival had no prize-winners (winners are often announced weeks after a hackathon ends)
10:41:44 INFO    [devfolio] ethabudhabi sweep 1 (size=200): 9 unique of 9 reported
10:41:44 INFO    [devfolio] 712 ethabudhabi -> 3053 stored so far
10:41:45 INFO    [devfolio] dev-showdown sweep 1 (size=200): 0 unique of 0 reported
10:41:45 INFO    [devfolio] 713 dev-showdown -> 3053 stored so far
10:41:45 INFO    [devfolio] dev-showdown had no prize-winners (winners are often announced weeks after a hackathon ends)
10:41:46 INFO    [devfolio] buildfest sweep 1 (size=200): 0 unique of 0 reported
10:41:46 INFO    [devfolio] 714 buildfest -> 3053 stored so far
10:41:46 INFO    [devfolio] buildfest had no prize-winners (winners are often announced weeks after a hackathon ends)
10:41:47 INFO    [devfolio] devrush sweep 1 (size=200): 0 unique of 0 reported
10:41:47 INFO    [devfolio] 715 devrush -> 3053 stored so far
10:41:47 INFO    [devfolio] devrush had no prize-winners (winners are often announced weeks after a hackathon ends)
10:41:49 INFO    [devfolio] hack-arena sweep 1 (size=200): 0 unique of 0 reported
10:41:49 INFO    [devfolio] 716 hack-arena -> 3053 stored so far
10:41:49 INFO    [devfolio] hack-arena had no prize-winners (winners are often announced weeks after a hackathon ends)
10:41:50 INFO    [devfolio] hactoverse sweep 1 (size=200): 0 unique of 0 reported
10:41:50 INFO    [devfolio] 717 hactoverse -> 3053 stored so far
10:41:50 INFO    [devfolio] hactoverse had no prize-winners (winners are often announced weeks after a hackathon ends)
10:41:51 INFO    [devfolio] blockathon-1 sweep 1 (size=200): 0 unique of 0 reported
10:41:51 INFO    [devfolio] 718 blockathon-1 -> 3053 stored so far
10:41:51 INFO    [devfolio] blockathon-1 had no prize-winners (winners are often announced weeks after a hackathon ends)
10:41:54 INFO    [devfolio] tsec-hacks-2023 sweep 1 (size=200): 3 unique of 3 reported
10:41:54 INFO    [devfolio] 719 tsec-hacks-2023 -> 3056 stored so far
10:41:56 INFO    [devfolio] hack-the-trivia sweep 1 (size=200): 3 unique of 3 reported
10:41:56 INFO    [devfolio] 720 hack-the-trivia -> 3059 stored so far
10:41:57 INFO    [devfolio] skill-titans sweep 1 (size=200): 0 unique of 0 reported
10:41:57 INFO    [devfolio] 721 skill-titans -> 3059 stored so far
10:41:57 INFO    [devfolio] skill-titans had no prize-winners (winners are often announced weeks after a hackathon ends)
10:41:59 INFO    [devfolio] zephyrathon sweep 1 (size=200): 0 unique of 0 reported
10:41:59 INFO    [devfolio] 722 zephyrathon -> 3059 stored so far
10:41:59 INFO    [devfolio] zephyrathon had no prize-winners (winners are often announced weeks after a hackathon ends)
10:42:00 INFO    [devfolio] thryve-digital-iiit-sricity-healthcare-hackathon sweep 1 (size=200): 0 unique of 0 reported
10:42:00 INFO    [devfolio] 723 thryve-digital-iiit-sricity-healthcare-hackathon -> 3059 stored so far
10:42:00 INFO    [devfolio] thryve-digital-iiit-sricity-healthcare-hackathon had no prize-winners (winners are often announced weeks after a hackathon ends)
10:42:01 INFO    [devfolio] galactichacks sweep 1 (size=200): 0 unique of 0 reported
10:42:01 INFO    [devfolio] 724 galactichacks -> 3059 stored so far
10:42:01 INFO    [devfolio] galactichacks had no prize-winners (winners are often announced weeks after a hackathon ends)
10:42:03 INFO    [devfolio] bff sweep 1 (size=200): 3 unique of 3 reported
10:42:03 INFO    [devfolio] 725 bff -> 3062 stored so far
10:42:04 INFO    [devfolio] hackjnu20 sweep 1 (size=200): 0 unique of 0 reported
10:42:04 INFO    [devfolio] 726 hackjnu20 -> 3062 stored so far
10:42:04 INFO    [devfolio] hackjnu20 had no prize-winners (winners are often announced weeks after a hackathon ends)
10:42:05 INFO    [devfolio] ideathon-4 sweep 1 (size=200): 0 unique of 0 reported
10:42:05 INFO    [devfolio] 727 ideathon-4 -> 3062 stored so far
10:42:05 INFO    [devfolio] ideathon-4 had no prize-winners (winners are often announced weeks after a hackathon ends)
10:42:06 INFO    [devfolio] hackncode-5 sweep 1 (size=200): 0 unique of 0 reported
10:42:06 INFO    [devfolio] 728 hackncode-5 -> 3062 stored so far
10:42:06 INFO    [devfolio] hackncode-5 had no prize-winners (winners are often announced weeks after a hackathon ends)
10:42:07 INFO    [devfolio] hackchennai sweep 1 (size=200): 0 unique of 0 reported
10:42:07 INFO    [devfolio] 729 hackchennai -> 3062 stored so far
10:42:07 INFO    [devfolio] hackchennai had no prize-winners (winners are often announced weeks after a hackathon ends)
10:42:09 INFO    [devfolio] web3weekend sweep 1 (size=200): 0 unique of 0 reported
10:42:09 INFO    [devfolio] 730 web3weekend -> 3062 stored so far
10:42:09 INFO    [devfolio] web3weekend had no prize-winners (winners are often announced weeks after a hackathon ends)
10:42:10 INFO    [devfolio] ieee-hackathon sweep 1 (size=200): 0 unique of 0 reported
10:42:10 INFO    [devfolio] 731 ieee-hackathon -> 3062 stored so far
10:42:10 INFO    [devfolio] ieee-hackathon had no prize-winners (winners are often announced weeks after a hackathon ends)
10:42:11 INFO    [devfolio] hackvsit-2020 sweep 1 (size=200): 0 unique of 0 reported
10:42:11 INFO    [devfolio] 732 hackvsit-2020 -> 3062 stored so far
10:42:11 INFO    [devfolio] hackvsit-2020 had no prize-winners (winners are often announced weeks after a hackathon ends)
10:42:12 INFO    [devfolio] hackovid sweep 1 (size=200): 0 unique of 0 reported
10:42:12 INFO    [devfolio] 733 hackovid -> 3062 stored so far
10:42:12 INFO    [devfolio] hackovid had no prize-winners (winners are often announced weeks after a hackathon ends)
10:42:14 INFO    [devfolio] codeutsava sweep 1 (size=200): 0 unique of 0 reported
10:42:14 INFO    [devfolio] 734 codeutsava -> 3062 stored so far
10:42:14 INFO    [devfolio] codeutsava had no prize-winners (winners are often announced weeks after a hackathon ends)
10:42:15 INFO    [devfolio] devhack2020 sweep 1 (size=200): 0 unique of 0 reported
10:42:15 INFO    [devfolio] 735 devhack2020 -> 3062 stored so far
10:42:15 INFO    [devfolio] devhack2020 had no prize-winners (winners are often announced weeks after a hackathon ends)
10:42:16 INFO    [devfolio] code2create sweep 1 (size=200): 0 unique of 0 reported
10:42:16 INFO    [devfolio] 736 code2create -> 3062 stored so far
10:42:16 INFO    [devfolio] code2create had no prize-winners (winners are often announced weeks after a hackathon ends)
10:42:17 INFO    [devfolio] version-beta sweep 1 (size=200): 0 unique of 0 reported
10:42:17 INFO    [devfolio] 737 version-beta -> 3062 stored so far
10:42:17 INFO    [devfolio] version-beta had no prize-winners (winners are often announced weeks after a hackathon ends)
10:42:18 INFO    [devfolio] hackathon-v15 sweep 1 (size=200): 0 unique of 0 reported
10:42:18 INFO    [devfolio] 738 hackathon-v15 -> 3062 stored so far
10:42:18 INFO    [devfolio] hackathon-v15 had no prize-winners (winners are often announced weeks after a hackathon ends)
10:42:20 INFO    [devfolio] ihack sweep 1 (size=200): 0 unique of 0 reported
10:42:20 INFO    [devfolio] 739 ihack -> 3062 stored so far
10:42:20 INFO    [devfolio] ihack had no prize-winners (winners are often announced weeks after a hackathon ends)
10:42:22 INFO    [devfolio] dojima-hackathon-feb sweep 1 (size=200): 1 unique of 1 reported
10:42:22 INFO    [devfolio] 740 dojima-hackathon-feb -> 3063 stored so far
10:42:23 INFO    [devfolio] stellarindiathon sweep 1 (size=200): 0 unique of 0 reported
10:42:23 INFO    [devfolio] 741 stellarindiathon -> 3063 stored so far
10:42:23 INFO    [devfolio] stellarindiathon had no prize-winners (winners are often announced weeks after a hackathon ends)
10:42:25 INFO    [devfolio] hacktu-5 sweep 1 (size=200): 5 unique of 5 reported
10:42:25 INFO    [devfolio] 742 hacktu-5 -> 3068 stored so far
10:42:27 INFO    [devfolio] fosshack-2024 sweep 1 (size=200): 0 unique of 0 reported
10:42:27 INFO    [devfolio] 743 fosshack-2024 -> 3068 stored so far
10:42:27 INFO    [devfolio] fosshack-2024 had no prize-winners (winners are often announced weeks after a hackathon ends)
10:42:29 INFO    [devfolio] hackstreet24 sweep 1 (size=200): 3 unique of 3 reported
10:42:29 INFO    [devfolio] 744 hackstreet24 -> 3071 stored so far
10:42:32 INFO    [devfolio] hack-srm sweep 1 (size=200): 7 unique of 7 reported
10:42:32 INFO    [devfolio] 745 hack-srm -> 3078 stored so far
10:42:33 INFO    [devfolio] hack-the-tank-2 sweep 1 (size=200): 0 unique of 0 reported
10:42:33 INFO    [devfolio] 746 hack-the-tank-2 -> 3078 stored so far
10:42:33 INFO    [devfolio] hack-the-tank-2 had no prize-winners (winners are often announced weeks after a hackathon ends)
10:42:34 INFO    [devfolio] yukthi-hackathon sweep 1 (size=200): 0 unique of 0 reported
10:42:34 INFO    [devfolio] 747 yukthi-hackathon -> 3078 stored so far
10:42:34 INFO    [devfolio] yukthi-hackathon had no prize-winners (winners are often announced weeks after a hackathon ends)
10:42:36 INFO    [devfolio] quasar-2 sweep 1 (size=200): 0 unique of 0 reported
10:42:36 INFO    [devfolio] 748 quasar-2 -> 3078 stored so far
10:42:36 INFO    [devfolio] quasar-2 had no prize-winners (winners are often announced weeks after a hackathon ends)
10:42:38 INFO    [devfolio] sparkthesummer sweep 1 (size=200): 6 unique of 6 reported
10:42:38 INFO    [devfolio] 749 sparkthesummer -> 3084 stored so far
10:42:39 INFO    [devfolio] skate-stateless-innovation-program sweep 1 (size=200): 0 unique of 0 reported
10:42:39 INFO    [devfolio] 750 skate-stateless-innovation-program -> 3084 stored so far
10:42:39 INFO    [devfolio] skate-stateless-innovation-program had no prize-winners (winners are often announced weeks after a hackathon ends)
10:42:40 INFO    [devfolio] slop-4 sweep 1 (size=200): 0 unique of 0 reported
10:42:40 INFO    [devfolio] 751 slop-4 -> 3084 stored so far
10:42:40 INFO    [devfolio] slop-4 had no prize-winners (winners are often announced weeks after a hackathon ends)
10:42:41 INFO    [devfolio] devnexushackathon sweep 1 (size=200): 0 unique of 0 reported
10:42:41 INFO    [devfolio] 752 devnexushackathon -> 3084 stored so far
10:42:41 INFO    [devfolio] devnexushackathon had no prize-winners (winners are often announced weeks after a hackathon ends)
10:42:43 INFO    [devfolio] save-the-stray-challenge sweep 1 (size=200): 0 unique of 0 reported
10:42:43 INFO    [devfolio] 753 save-the-stray-challenge -> 3084 stored so far
10:42:43 INFO    [devfolio] save-the-stray-challenge had no prize-winners (winners are often announced weeks after a hackathon ends)
10:42:44 INFO    [devfolio] rubix25 sweep 1 (size=200): 0 unique of 0 reported
10:42:44 INFO    [devfolio] 754 rubix25 -> 3084 stored so far
10:42:44 INFO    [devfolio] rubix25 had no prize-winners (winners are often announced weeks after a hackathon ends)
10:42:45 INFO    [devfolio] hackofduty sweep 1 (size=200): 0 unique of 0 reported
10:42:45 INFO    [devfolio] 755 hackofduty -> 3084 stored so far
10:42:45 INFO    [devfolio] hackofduty had no prize-winners (winners are often announced weeks after a hackathon ends)
10:42:46 INFO    [devfolio] pucodehackathon2 sweep 1 (size=200): 0 unique of 0 reported
10:42:46 INFO    [devfolio] 756 pucodehackathon2 -> 3084 stored so far
10:42:46 INFO    [devfolio] pucodehackathon2 had no prize-winners (winners are often announced weeks after a hackathon ends)
10:42:47 INFO    [devfolio] needforcode sweep 1 (size=200): 0 unique of 0 reported
10:42:47 INFO    [devfolio] 757 needforcode -> 3084 stored so far
10:42:47 INFO    [devfolio] needforcode had no prize-winners (winners are often announced weeks after a hackathon ends)
10:42:48 INFO    [devfolio] filecoin-orbit-india-hackathon sweep 1 (size=200): 0 unique of 0 reported
10:42:48 INFO    [devfolio] 758 filecoin-orbit-india-hackathon -> 3084 stored so far
10:42:48 INFO    [devfolio] filecoin-orbit-india-hackathon had no prize-winners (winners are often announced weeks after a hackathon ends)
10:42:51 INFO    [devfolio] google-ideate-ideathon sweep 1 (size=200): 3 unique of 3 reported
10:42:51 INFO    [devfolio] 759 google-ideate-ideathon -> 3087 stored so far
10:42:52 INFO    [devfolio] mira-hackathon sweep 1 (size=200): 0 unique of 0 reported
10:42:52 INFO    [devfolio] 760 mira-hackathon -> 3087 stored so far
10:42:52 INFO    [devfolio] mira-hackathon had no prize-winners (winners are often announced weeks after a hackathon ends)
10:42:55 INFO    [devfolio] lines-of-code-4 sweep 1 (size=200): 4 unique of 4 reported
10:42:55 INFO    [devfolio] 761 lines-of-code-4 -> 3091 stored so far
10:42:56 INFO    [devfolio] meenhacks-v3 sweep 1 (size=200): 0 unique of 0 reported
10:42:56 INFO    [devfolio] 762 meenhacks-v3 -> 3091 stored so far
10:42:56 INFO    [devfolio] meenhacks-v3 had no prize-winners (winners are often announced weeks after a hackathon ends)
10:42:58 INFO    [devfolio] pitch-a-thon sweep 1 (size=200): 3 unique of 3 reported
10:42:58 INFO    [devfolio] 763 pitch-a-thon -> 3094 stored so far
10:43:00 INFO    [devfolio] iwoc3 sweep 1 (size=200): 0 unique of 0 reported
10:43:00 INFO    [devfolio] 764 iwoc3 -> 3094 stored so far
10:43:00 INFO    [devfolio] iwoc3 had no prize-winners (winners are often announced weeks after a hackathon ends)
10:43:01 INFO    [devfolio] synrgy-2 sweep 1 (size=200): 0 unique of 0 reported
10:43:01 INFO    [devfolio] 765 synrgy-2 -> 3094 stored so far
10:43:01 INFO    [devfolio] synrgy-2 had no prize-winners (winners are often announced weeks after a hackathon ends)
10:43:04 INFO    [devfolio] hackout2023 sweep 1 (size=200): 3 unique of 3 reported
10:43:04 INFO    [devfolio] 766 hackout2023 -> 3097 stored so far
10:43:06 INFO    [devfolio] shehacks-7 sweep 1 (size=200): 4 unique of 4 reported
10:43:06 INFO    [devfolio] 767 shehacks-7 -> 3101 stored so far
10:43:08 INFO    [devfolio] defy25 sweep 1 (size=200): 10 unique of 10 reported
10:43:08 INFO    [devfolio] 768 defy25 -> 3111 stored so far
10:43:10 INFO    [devfolio] ingenious-hackathon-3 sweep 1 (size=200): 0 unique of 0 reported
10:43:10 INFO    [devfolio] 769 ingenious-hackathon-3 -> 3111 stored so far
10:43:10 INFO    [devfolio] ingenious-hackathon-3 had no prize-winners (winners are often announced weeks after a hackathon ends)
10:43:12 INFO    [devfolio] bvphex sweep 1 (size=200): 2 unique of 2 reported
10:43:12 INFO    [devfolio] 770 bvphex -> 3113 stored so far
10:43:14 INFO    [devfolio] hacksnippet-3 sweep 1 (size=200): 0 unique of 0 reported
10:43:14 INFO    [devfolio] 771 hacksnippet-3 -> 3113 stored so far
10:43:14 INFO    [devfolio] hacksnippet-3 had no prize-winners (winners are often announced weeks after a hackathon ends)
10:43:15 INFO    [devfolio] wthscifi sweep 1 (size=200): 0 unique of 0 reported
10:43:15 INFO    [devfolio] 772 wthscifi -> 3113 stored so far
10:43:15 INFO    [devfolio] wthscifi had no prize-winners (winners are often announced weeks after a hackathon ends)
10:43:17 INFO    [devfolio] ultron-8 sweep 1 (size=200): 3 unique of 3 reported
10:43:17 INFO    [devfolio] 773 ultron-8 -> 3116 stored so far
10:43:18 INFO    [devfolio] metallurgica-tech-hackathon sweep 1 (size=200): 0 unique of 0 reported
10:43:18 INFO    [devfolio] 774 metallurgica-tech-hackathon -> 3116 stored so far
10:43:18 INFO    [devfolio] metallurgica-tech-hackathon had no prize-winners (winners are often announced weeks after a hackathon ends)
10:43:19 INFO    [devfolio] dev-109 sweep 1 (size=200): 0 unique of 0 reported
10:43:19 INFO    [devfolio] 775 dev-109 -> 3116 stored so far
10:43:19 INFO    [devfolio] dev-109 had no prize-winners (winners are often announced weeks after a hackathon ends)
10:43:22 INFO    [devfolio] vihaan-6-0 sweep 1 (size=200): 5 unique of 5 reported
10:43:22 INFO    [devfolio] 776 vihaan-6-0 -> 3121 stored so far
10:43:24 INFO    [devfolio] datazen-2025 sweep 1 (size=200): 4 unique of 4 reported
10:43:24 INFO    [devfolio] 777 datazen-2025 -> 3125 stored so far
10:43:26 INFO    [devfolio] techtriumph sweep 1 (size=200): 1 unique of 1 reported
10:43:26 INFO    [devfolio] 778 techtriumph -> 3126 stored so far
10:43:27 INFO    [devfolio] sit-novate sweep 1 (size=200): 0 unique of 0 reported
10:43:27 INFO    [devfolio] 779 sit-novate -> 3126 stored so far
10:43:27 INFO    [devfolio] sit-novate had no prize-winners (winners are often announced weeks after a hackathon ends)
10:43:30 INFO    [devfolio] code-for-change-1 sweep 1 (size=200): 3 unique of 3 reported
10:43:30 INFO    [devfolio] 780 code-for-change-1 -> 3129 stored so far
10:43:31 INFO    [devfolio] tesserx sweep 1 (size=200): 0 unique of 0 reported
10:43:31 INFO    [devfolio] 781 tesserx -> 3129 stored so far
10:43:31 INFO    [devfolio] tesserx had no prize-winners (winners are often announced weeks after a hackathon ends)
10:43:32 INFO    [devfolio] hackspire2025 sweep 1 (size=200): 0 unique of 0 reported
10:43:32 INFO    [devfolio] 782 hackspire2025 -> 3129 stored so far
10:43:32 INFO    [devfolio] hackspire2025 had no prize-winners (winners are often announced weeks after a hackathon ends)
10:43:33 INFO    [devfolio] robofest-ras sweep 1 (size=200): 0 unique of 0 reported
10:43:33 INFO    [devfolio] 783 robofest-ras -> 3129 stored so far
10:43:33 INFO    [devfolio] robofest-ras had no prize-winners (winners are often announced weeks after a hackathon ends)
10:43:36 INFO    [devfolio] winterofcode sweep 1 (size=200): 20 unique of 20 reported
10:43:36 INFO    [devfolio] 784 winterofcode -> 3149 stored so far
10:43:37 INFO    [devfolio] hackarenaa sweep 1 (size=200): 0 unique of 0 reported
10:43:37 INFO    [devfolio] 785 hackarenaa -> 3149 stored so far
10:43:37 INFO    [devfolio] hackarenaa had no prize-winners (winners are often announced weeks after a hackathon ends)
10:43:38 INFO    [devfolio] nitdgp-hacks-2 sweep 1 (size=200): 0 unique of 0 reported
10:43:38 INFO    [devfolio] 786 nitdgp-hacks-2 -> 3149 stored so far
10:43:38 INFO    [devfolio] nitdgp-hacks-2 had no prize-winners (winners are often announced weeks after a hackathon ends)
10:43:40 INFO    [devfolio] hackspire sweep 1 (size=200): 0 unique of 0 reported
10:43:40 INFO    [devfolio] 787 hackspire -> 3149 stored so far
10:43:40 INFO    [devfolio] hackspire had no prize-winners (winners are often announced weeks after a hackathon ends)
10:43:41 INFO    [devfolio] game-of-life sweep 1 (size=200): 0 unique of 0 reported
10:43:41 INFO    [devfolio] 788 game-of-life -> 3149 stored so far
10:43:41 INFO    [devfolio] game-of-life had no prize-winners (winners are often announced weeks after a hackathon ends)
10:43:42 INFO    [devfolio] senpai-agent-assembly sweep 1 (size=200): 0 unique of 0 reported
10:43:42 INFO    [devfolio] 789 senpai-agent-assembly -> 3149 stored so far
10:43:42 INFO    [devfolio] senpai-agent-assembly had no prize-winners (winners are often announced weeks after a hackathon ends)
10:43:43 INFO    [devfolio] sui-x-bsa-student-hackathon-v sweep 1 (size=200): 0 unique of 0 reported
10:43:43 INFO    [devfolio] 790 sui-x-bsa-student-hackathon-v -> 3149 stored so far
10:43:43 INFO    [devfolio] sui-x-bsa-student-hackathon-v had no prize-winners (winners are often announced weeks after a hackathon ends)
10:43:46 INFO    [devfolio] onchain-summer-awards sweep 1 (size=200): 17 unique of 17 reported
10:43:46 INFO    [devfolio] 791 onchain-summer-awards -> 3166 stored so far
10:43:47 INFO    [devfolio] base-batches-startup-track sweep 1 (size=200): 0 unique of 0 reported
10:43:47 INFO    [devfolio] 792 base-batches-startup-track -> 3166 stored so far
10:43:47 INFO    [devfolio] base-batches-startup-track had no prize-winners (winners are often announced weeks after a hackathon ends)
10:43:48 INFO    [devfolio] codesprint2k24 sweep 1 (size=200): 0 unique of 0 reported
10:43:48 INFO    [devfolio] 793 codesprint2k24 -> 3166 stored so far
10:43:48 INFO    [devfolio] codesprint2k24 had no prize-winners (winners are often announced weeks after a hackathon ends)
10:43:49 INFO    [devfolio] invisible-garden-2025 sweep 1 (size=200): 0 unique of 0 reported
10:43:49 INFO    [devfolio] 794 invisible-garden-2025 -> 3166 stored so far
10:43:49 INFO    [devfolio] invisible-garden-2025 had no prize-winners (winners are often announced weeks after a hackathon ends)
10:43:51 INFO    [devfolio] beachhack-season-6 sweep 1 (size=200): 5 unique of 5 reported
10:43:51 INFO    [devfolio] 795 beachhack-season-6 -> 3171 stored so far
10:43:54 INFO    [devfolio] codematrix-genesis sweep 1 (size=200): 3 unique of 3 reported
10:43:54 INFO    [devfolio] 796 codematrix-genesis -> 3174 stored so far
10:43:55 INFO    [devfolio] kodekalesh-2025 sweep 1 (size=200): 0 unique of 0 reported
10:43:55 INFO    [devfolio] 797 kodekalesh-2025 -> 3174 stored so far
10:43:55 INFO    [devfolio] kodekalesh-2025 had no prize-winners (winners are often announced weeks after a hackathon ends)
10:43:56 INFO    [devfolio] build-onchain-fbi sweep 1 (size=200): 0 unique of 0 reported
10:43:56 INFO    [devfolio] 798 build-onchain-fbi -> 3174 stored so far
10:43:56 INFO    [devfolio] build-onchain-fbi had no prize-winners (winners are often announced weeks after a hackathon ends)
10:43:57 INFO    [devfolio] codequest-2025 sweep 1 (size=200): 0 unique of 0 reported
10:43:57 INFO    [devfolio] 799 codequest-2025 -> 3174 stored so far
10:43:57 INFO    [devfolio] codequest-2025 had no prize-winners (winners are often announced weeks after a hackathon ends)
10:43:59 INFO    [devfolio] vihaan8 sweep 1 (size=200): 0 unique of 0 reported
10:43:59 INFO    [devfolio] 800 vihaan8 -> 3174 stored so far
10:43:59 INFO    [devfolio] vihaan8 had no prize-winners (winners are often announced weeks after a hackathon ends)
10:44:02 INFO    [devfolio] hackcorona sweep 1 (size=200): 0 unique of 0 reported
10:44:02 INFO    [devfolio] 801 hackcorona -> 3174 stored so far
10:44:02 INFO    [devfolio] hackcorona had no prize-winners (winners are often announced weeks after a hackathon ends)
10:44:04 INFO    [devfolio] vihaan sweep 1 (size=200): 8 unique of 8 reported
10:44:04 INFO    [devfolio] 802 vihaan -> 3182 stored so far
10:44:06 INFO    [devfolio] ethindia sweep 1 (size=200): 8 unique of 8 reported
10:44:06 INFO    [devfolio] 803 ethindia -> 3190 stored so far
10:44:08 INFO    [devfolio] hackpcbt sweep 1 (size=200): 0 unique of 0 reported
10:44:08 INFO    [devfolio] 804 hackpcbt -> 3190 stored so far
10:44:08 INFO    [devfolio] hackpcbt had no prize-winners (winners are often announced weeks after a hackathon ends)
10:44:09 INFO    [devfolio] amihacks sweep 1 (size=200): 0 unique of 0 reported
10:44:09 INFO    [devfolio] 805 amihacks -> 3190 stored so far
10:44:09 INFO    [devfolio] amihacks had no prize-winners (winners are often announced weeks after a hackathon ends)
10:44:10 INFO    [devfolio] mindjam sweep 1 (size=200): 0 unique of 0 reported
10:44:10 INFO    [devfolio] 806 mindjam -> 3190 stored so far
10:44:10 INFO    [devfolio] mindjam had no prize-winners (winners are often announced weeks after a hackathon ends)
10:44:12 INFO    [devfolio] hackthebuild sweep 1 (size=200): 5 unique of 5 reported
10:44:12 INFO    [devfolio] 807 hackthebuild -> 3195 stored so far
10:44:14 INFO    [devfolio] aa-hackathon sweep 1 (size=200): 7 unique of 7 reported
10:44:14 INFO    [devfolio] 808 aa-hackathon -> 3202 stored so far
10:44:17 INFO    [devfolio] juetbuilds sweep 1 (size=200): 21 unique of 21 reported
10:44:17 INFO    [devfolio] 809 juetbuilds -> 3223 stored so far
10:44:19 INFO    [devfolio] iem-hackathon sweep 1 (size=200): 2 unique of 2 reported
10:44:19 INFO    [devfolio] 810 iem-hackathon -> 3225 stored so far
10:44:20 INFO    [devfolio] reckon-5 sweep 1 (size=200): 0 unique of 0 reported
10:44:20 INFO    [devfolio] 811 reckon-5 -> 3225 stored so far
10:44:20 INFO    [devfolio] reckon-5 had no prize-winners (winners are often announced weeks after a hackathon ends)
10:44:22 INFO    [devfolio] sociothon sweep 1 (size=200): 3 unique of 3 reported
10:44:22 INFO    [devfolio] 812 sociothon -> 3228 stored so far
10:44:23 INFO    [devfolio] truminds-ai-track sweep 1 (size=200): 0 unique of 0 reported
10:44:23 INFO    [devfolio] 813 truminds-ai-track -> 3228 stored so far
10:44:23 INFO    [devfolio] truminds-ai-track had no prize-winners (winners are often announced weeks after a hackathon ends)
10:44:26 INFO    [devfolio] hackerbash sweep 1 (size=200): 3 unique of 3 reported
10:44:26 INFO    [devfolio] 814 hackerbash -> 3231 stored so far
10:44:28 INFO    [devfolio] healthathon sweep 1 (size=200): 7 unique of 7 reported
10:44:29 INFO    [devfolio] 815 healthathon -> 3238 stored so far
10:44:31 INFO    [devfolio] ingress-hack sweep 1 (size=200): 4 unique of 4 reported
10:44:31 INFO    [devfolio] 816 ingress-hack -> 3242 stored so far
10:44:33 INFO    [devfolio] slac2020 sweep 1 (size=200): 14 unique of 14 reported
10:44:33 INFO    [devfolio] 817 slac2020 -> 3256 stored so far
10:44:35 INFO    [devfolio] hackshetra-1 sweep 1 (size=200): 2 unique of 2 reported
10:44:36 INFO    [devfolio] 818 hackshetra-1 -> 3258 stored so far
10:44:37 INFO    [devfolio] hackasol sweep 1 (size=200): 0 unique of 0 reported
10:44:37 INFO    [devfolio] 819 hackasol -> 3258 stored so far
10:44:37 INFO    [devfolio] hackasol had no prize-winners (winners are often announced weeks after a hackathon ends)
10:44:39 INFO    [devfolio] hackmol-4 sweep 1 (size=200): 10 unique of 10 reported
10:44:39 INFO    [devfolio] 820 hackmol-4 -> 3268 stored so far
10:44:41 INFO    [devfolio] frosthack2021 sweep 1 (size=200): 15 unique of 15 reported
10:44:42 INFO    [devfolio] 821 frosthack2021 -> 3283 stored so far
10:44:43 INFO    [devfolio] mobile-defi-india sweep 1 (size=200): 0 unique of 0 reported
10:44:43 INFO    [devfolio] 822 mobile-defi-india -> 3283 stored so far
10:44:43 INFO    [devfolio] mobile-defi-india had no prize-winners (winners are often announced weeks after a hackathon ends)
10:44:44 INFO    [devfolio] ai-mayhem sweep 1 (size=200): 0 unique of 0 reported
10:44:44 INFO    [devfolio] 823 ai-mayhem -> 3283 stored so far
10:44:44 INFO    [devfolio] ai-mayhem had no prize-winners (winners are often announced weeks after a hackathon ends)
10:44:45 INFO    [devfolio] hackaweb sweep 1 (size=200): 0 unique of 0 reported
10:44:45 INFO    [devfolio] 824 hackaweb -> 3283 stored so far
10:44:45 INFO    [devfolio] hackaweb had no prize-winners (winners are often announced weeks after a hackathon ends)
10:44:47 INFO    [devfolio] digital-village-hackathon sweep 1 (size=200): 7 unique of 7 reported
10:44:47 INFO    [devfolio] 825 digital-village-hackathon -> 3290 stored so far
10:44:48 INFO    [devfolio] hackshetra22 sweep 1 (size=200): 0 unique of 0 reported
10:44:48 INFO    [devfolio] 826 hackshetra22 -> 3290 stored so far
10:44:48 INFO    [devfolio] hackshetra22 had no prize-winners (winners are often announced weeks after a hackathon ends)
10:44:51 INFO    [devfolio] hack-the-crisis sweep 1 (size=200): 5 unique of 5 reported
10:44:51 INFO    [devfolio] 827 hack-the-crisis -> 3295 stored so far
10:44:52 INFO    [devfolio] bobworld-hackathon sweep 1 (size=200): 0 unique of 0 reported
10:44:52 INFO    [devfolio] 828 bobworld-hackathon -> 3295 stored so far
10:44:52 INFO    [devfolio] bobworld-hackathon had no prize-winners (winners are often announced weeks after a hackathon ends)
10:44:54 INFO    [devfolio] bitbox-2-ac5c sweep 1 (size=200): 4 unique of 4 reported
10:44:54 INFO    [devfolio] 829 bitbox-2-ac5c -> 3299 stored so far
10:44:55 INFO    [devfolio] hackocto sweep 1 (size=200): 0 unique of 0 reported
10:44:55 INFO    [devfolio] 830 hackocto -> 3299 stored so far
10:44:55 INFO    [devfolio] hackocto had no prize-winners (winners are often announced weeks after a hackathon ends)
10:44:57 INFO    [devfolio] zenithhacks sweep 1 (size=200): 0 unique of 0 reported
10:44:57 INFO    [devfolio] 831 zenithhacks -> 3299 stored so far
10:44:57 INFO    [devfolio] zenithhacks had no prize-winners (winners are often announced weeks after a hackathon ends)
10:44:58 INFO    [devfolio] hackwithmait sweep 1 (size=200): 0 unique of 0 reported
10:44:58 INFO    [devfolio] 832 hackwithmait -> 3299 stored so far
10:44:58 INFO    [devfolio] hackwithmait had no prize-winners (winners are often announced weeks after a hackathon ends)
10:45:01 INFO    [devfolio] dshack sweep 1 (size=200): 14 unique of 14 reported
10:45:01 INFO    [devfolio] 833 dshack -> 3313 stored so far
10:45:02 INFO    [devfolio] smart-hackathon sweep 1 (size=200): 0 unique of 0 reported
10:45:02 INFO    [devfolio] 834 smart-hackathon -> 3313 stored so far
10:45:02 INFO    [devfolio] smart-hackathon had no prize-winners (winners are often announced weeks after a hackathon ends)
10:45:04 INFO    [devfolio] duhacks sweep 1 (size=200): 15 unique of 15 reported
10:45:04 INFO    [devfolio] 835 duhacks -> 3328 stored so far
10:45:07 INFO    [devfolio] gdsc-iiit-delhi-bootcamp sweep 1 (size=200): 15 unique of 15 reported
10:45:07 INFO    [devfolio] 836 gdsc-iiit-delhi-bootcamp -> 3343 stored so far
10:45:09 INFO    [devfolio] the-horizon sweep 1 (size=200): 3 unique of 3 reported
10:45:09 INFO    [devfolio] 837 the-horizon -> 3346 stored so far
10:45:12 INFO    [devfolio] chainrunner sweep 1 (size=200): 15 unique of 15 reported
10:45:12 INFO    [devfolio] 838 chainrunner -> 3361 stored so far
10:45:13 INFO    [devfolio] ethwmn sweep 1 (size=200): 0 unique of 0 reported
10:45:13 INFO    [devfolio] 839 ethwmn -> 3361 stored so far
10:45:13 INFO    [devfolio] ethwmn had no prize-winners (winners are often announced weeks after a hackathon ends)
10:45:16 INFO    [devfolio] moneylegos sweep 1 (size=200): 6 unique of 6 reported
10:45:16 INFO    [devfolio] 840 moneylegos -> 3367 stored so far
10:45:18 INFO    [devfolio] devignite sweep 1 (size=200): 3 unique of 3 reported
10:45:18 INFO    [devfolio] 841 devignite -> 3370 stored so far
10:45:19 INFO    [devfolio] hackbios sweep 1 (size=200): 0 unique of 0 reported
10:45:19 INFO    [devfolio] 842 hackbios -> 3370 stored so far
10:45:19 INFO    [devfolio] hackbios had no prize-winners (winners are often announced weeks after a hackathon ends)
10:45:22 INFO    [devfolio] coderush sweep 1 (size=200): 5 unique of 5 reported
10:45:22 INFO    [devfolio] 843 coderush -> 3375 stored so far
10:45:24 INFO    [devfolio] err404-5 sweep 1 (size=200): 7 unique of 7 reported
10:45:24 INFO    [devfolio] 844 err404-5 -> 3382 stored so far
10:45:27 INFO    [devfolio] frosthack-2k23 sweep 1 (size=200): 3 unique of 3 reported
10:45:27 INFO    [devfolio] 845 frosthack-2k23 -> 3385 stored so far
10:45:29 INFO    [devfolio] reckon-4 sweep 1 (size=200): 3 unique of 3 reported
10:45:29 INFO    [devfolio] 846 reckon-4 -> 3388 stored so far
10:45:30 INFO    [devfolio] crescendo-hackathon-3 sweep 1 (size=200): 0 unique of 0 reported
10:45:30 INFO    [devfolio] 847 crescendo-hackathon-3 -> 3388 stored so far
10:45:30 INFO    [devfolio] crescendo-hackathon-3 had no prize-winners (winners are often announced weeks after a hackathon ends)
10:45:31 INFO    [devfolio] devmeet sweep 1 (size=200): 0 unique of 0 reported
10:45:31 INFO    [devfolio] 848 devmeet -> 3388 stored so far
10:45:31 INFO    [devfolio] devmeet had no prize-winners (winners are often announced weeks after a hackathon ends)
10:45:34 INFO    [devfolio] hackonhills7 sweep 1 (size=200): 2 unique of 2 reported
10:45:34 INFO    [devfolio] 849 hackonhills7 -> 3390 stored so far
10:45:35 INFO    [devfolio] dsudevhack sweep 1 (size=200): 0 unique of 0 reported
10:45:35 INFO    [devfolio] 850 dsudevhack -> 3390 stored so far
10:45:35 INFO    [devfolio] dsudevhack had no prize-winners (winners are often announced weeks after a hackathon ends)
10:45:36 INFO    [devfolio] hack-for-tomorrow-25 sweep 1 (size=200): 0 unique of 0 reported
10:45:36 INFO    [devfolio] 851 hack-for-tomorrow-25 -> 3390 stored so far
10:45:36 INFO    [devfolio] hack-for-tomorrow-25 had no prize-winners (winners are often announced weeks after a hackathon ends)
10:45:37 INFO    [devfolio] developeraugmentationhackathon sweep 1 (size=200): 0 unique of 0 reported
10:45:37 INFO    [devfolio] 852 developeraugmentationhackathon -> 3390 stored so far
10:45:37 INFO    [devfolio] developeraugmentationhackathon had no prize-winners (winners are often announced weeks after a hackathon ends)
10:45:40 INFO    [devfolio] hackunicorn sweep 1 (size=200): 5 unique of 5 reported
10:45:40 INFO    [devfolio] 853 hackunicorn -> 3395 stored so far
10:45:42 INFO    [devfolio] technovate sweep 1 (size=200): 3 unique of 3 reported
10:45:42 INFO    [devfolio] 854 technovate -> 3398 stored so far
10:45:43 INFO    [devfolio] web3hack-sphinx sweep 1 (size=200): 0 unique of 0 reported
10:45:43 INFO    [devfolio] 855 web3hack-sphinx -> 3398 stored so far
10:45:43 INFO    [devfolio] web3hack-sphinx had no prize-winners (winners are often announced weeks after a hackathon ends)
10:45:44 INFO    [devfolio] parulletshack sweep 1 (size=200): 0 unique of 0 reported
10:45:44 INFO    [devfolio] 856 parulletshack -> 3398 stored so far
10:45:44 INFO    [devfolio] parulletshack had no prize-winners (winners are often announced weeks after a hackathon ends)
10:45:45 INFO    [devfolio] opl-sei-hackathon sweep 1 (size=200): 0 unique of 0 reported
10:45:45 INFO    [devfolio] 857 opl-sei-hackathon -> 3398 stored so far
10:45:45 INFO    [devfolio] opl-sei-hackathon had no prize-winners (winners are often announced weeks after a hackathon ends)
10:45:46 INFO    [devfolio] ethcon-korea sweep 1 (size=200): 0 unique of 0 reported
10:45:46 INFO    [devfolio] 858 ethcon-korea -> 3398 stored so far
10:45:46 INFO    [devfolio] ethcon-korea had no prize-winners (winners are often announced weeks after a hackathon ends)
10:45:48 INFO    [devfolio] code4cause sweep 1 (size=200): 0 unique of 0 reported
10:45:48 INFO    [devfolio] 859 code4cause -> 3398 stored so far
10:45:48 INFO    [devfolio] code4cause had no prize-winners (winners are often announced weeks after a hackathon ends)
10:45:49 INFO    [devfolio] hackbios2k25 sweep 1 (size=200): 0 unique of 0 reported
10:45:49 INFO    [devfolio] 860 hackbios2k25 -> 3398 stored so far
10:45:49 INFO    [devfolio] hackbios2k25 had no prize-winners (winners are often announced weeks after a hackathon ends)
10:45:51 INFO    [devfolio] hackfed-2 sweep 1 (size=200): 3 unique of 3 reported
10:45:51 INFO    [devfolio] 861 hackfed-2 -> 3401 stored so far
10:45:54 INFO    [devfolio] bitbox-5 sweep 1 (size=200): 4 unique of 4 reported
10:45:54 INFO    [devfolio] 862 bitbox-5 -> 3405 stored so far
10:45:56 INFO    [devfolio] thacks-6 sweep 1 (size=200): 2 unique of 2 reported
10:45:56 INFO    [devfolio] 863 thacks-6 -> 3407 stored so far
10:45:59 INFO    [devfolio] genai-tinkhack sweep 1 (size=200): 4 unique of 4 reported
10:45:59 INFO    [devfolio] 864 genai-tinkhack -> 3411 stored so far
10:46:00 INFO    [devfolio] genesis-tphsrmist sweep 1 (size=200): 0 unique of 0 reported
10:46:00 INFO    [devfolio] 865 genesis-tphsrmist -> 3411 stored so far
10:46:00 INFO    [devfolio] genesis-tphsrmist had no prize-winners (winners are often announced weeks after a hackathon ends)
10:46:03 INFO    [devfolio] building-out-loud sweep 1 (size=200): 18 unique of 18 reported
10:46:03 INFO    [devfolio] 866 building-out-loud -> 3429 stored so far
10:46:04 INFO    [devfolio] leanin-hacks-5 sweep 1 (size=200): 0 unique of 0 reported
10:46:04 INFO    [devfolio] 867 leanin-hacks-5 -> 3429 stored so far
10:46:04 INFO    [devfolio] leanin-hacks-5 had no prize-winners (winners are often announced weeks after a hackathon ends)
10:46:06 INFO    [devfolio] ds-hack sweep 1 (size=200): 5 unique of 5 reported
10:46:06 INFO    [devfolio] 868 ds-hack -> 3434 stored so far
10:46:09 INFO    [devfolio] hack-hurricane sweep 1 (size=200): 5 unique of 5 reported
10:46:09 INFO    [devfolio] 869 hack-hurricane -> 3439 stored so far
10:46:10 INFO    [devfolio] web3ssh sweep 1 (size=200): 0 unique of 0 reported
10:46:10 INFO    [devfolio] 870 web3ssh -> 3439 stored so far
10:46:10 INFO    [devfolio] web3ssh had no prize-winners (winners are often announced weeks after a hackathon ends)
10:46:12 INFO    [devfolio] flamingo-designathon sweep 1 (size=200): 4 unique of 4 reported
10:46:12 INFO    [devfolio] 871 flamingo-designathon -> 3443 stored so far
10:46:14 INFO    [devfolio] ai-filmmaking-festival sweep 1 (size=200): 0 unique of 0 reported
10:46:14 INFO    [devfolio] 872 ai-filmmaking-festival -> 3443 stored so far
10:46:14 INFO    [devfolio] ai-filmmaking-festival had no prize-winners (winners are often announced weeks after a hackathon ends)
10:46:15 INFO    [devfolio] data-dive-the-ultimate-datathon sweep 1 (size=200): 0 unique of 0 reported
10:46:15 INFO    [devfolio] 873 data-dive-the-ultimate-datathon -> 3443 stored so far
10:46:15 INFO    [devfolio] data-dive-the-ultimate-datathon had no prize-winners (winners are often announced weeks after a hackathon ends)
10:46:17 INFO    [devfolio] u-hack sweep 1 (size=200): 12 unique of 12 reported
10:46:17 INFO    [devfolio] 874 u-hack -> 3455 stored so far
10:46:20 INFO    [devfolio] hack-jklu sweep 1 (size=200): 3 unique of 3 reported
10:46:20 INFO    [devfolio] 875 hack-jklu -> 3458 stored so far
10:46:22 INFO    [devfolio] hack-genesis sweep 1 (size=200): 10 unique of 10 reported
10:46:22 INFO    [devfolio] 876 hack-genesis -> 3468 stored so far
10:46:25 INFO    [devfolio] vigyaan sweep 1 (size=200): 3 unique of 3 reported
10:46:25 INFO    [devfolio] 877 vigyaan -> 3471 stored so far
10:46:26 INFO    [devfolio] hackverse2024 sweep 1 (size=200): 0 unique of 0 reported
10:46:26 INFO    [devfolio] 878 hackverse2024 -> 3471 stored so far
10:46:26 INFO    [devfolio] hackverse2024 had no prize-winners (winners are often announced weeks after a hackathon ends)
10:46:28 INFO    [devfolio] hacknuthon5 sweep 1 (size=200): 13 unique of 13 reported
10:46:28 INFO    [devfolio] 879 hacknuthon5 -> 3484 stored so far
10:46:35 INFO    [devfolio] onchain-summer sweep 1 (size=200): 571 unique of 575 reported
10:46:50 INFO    [devfolio] onchain-summer sweep 2 (size=50): 575 unique of 575 reported
10:46:51 INFO    [devfolio] 880 onchain-summer -> 4059 stored so far
10:46:53 INFO    [devfolio] aventus-2-0 sweep 1 (size=200): 6 unique of 6 reported
10:46:53 INFO    [devfolio] 881 aventus-2-0 -> 4065 stored so far
10:46:54 INFO    [devfolio] hack-with-gdg-s sweep 1 (size=200): 0 unique of 0 reported
10:46:54 INFO    [devfolio] 882 hack-with-gdg-s -> 4065 stored so far
10:46:54 INFO    [devfolio] hack-with-gdg-s had no prize-winners (winners are often announced weeks after a hackathon ends)
10:46:57 INFO    [devfolio] cryptoshield-hackathon sweep 1 (size=200): 4 unique of 4 reported
10:46:57 INFO    [devfolio] 883 cryptoshield-hackathon -> 4069 stored so far
10:46:58 INFO    [devfolio] sui-overflow-2025 sweep 1 (size=200): 0 unique of 0 reported
10:46:58 INFO    [devfolio] 884 sui-overflow-2025 -> 4069 stored so far
10:46:58 INFO    [devfolio] sui-overflow-2025 had no prize-winners (winners are often announced weeks after a hackathon ends)
10:46:59 INFO    [devfolio] deerhack-school-edition-1 sweep 1 (size=200): 0 unique of 0 reported
10:46:59 INFO    [devfolio] 885 deerhack-school-edition-1 -> 4069 stored so far
10:46:59 INFO    [devfolio] deerhack-school-edition-1 had no prize-winners (winners are often announced weeks after a hackathon ends)
10:47:00 INFO    [devfolio] innovatex-ecell-dtu-1 sweep 1 (size=200): 0 unique of 0 reported
10:47:00 INFO    [devfolio] 886 innovatex-ecell-dtu-1 -> 4069 stored so far
10:47:00 INFO    [devfolio] innovatex-ecell-dtu-1 had no prize-winners (winners are often announced weeks after a hackathon ends)
10:47:03 INFO    [devfolio] hack4bengal-2 sweep 1 (size=200): 16 unique of 16 reported
10:47:03 INFO    [devfolio] 887 hack4bengal-2 -> 4085 stored so far
10:47:04 INFO    [devfolio] quantumhack sweep 1 (size=200): 0 unique of 0 reported
10:47:04 INFO    [devfolio] 888 quantumhack -> 4085 stored so far
10:47:04 INFO    [devfolio] quantumhack had no prize-winners (winners are often announced weeks after a hackathon ends)
10:47:06 INFO    [devfolio] hackmol sweep 1 (size=200): 5 unique of 5 reported
10:47:06 INFO    [devfolio] 889 hackmol -> 4090 stored so far
10:47:08 INFO    [devfolio] amminovate sweep 1 (size=200): 8 unique of 8 reported
10:47:09 INFO    [devfolio] 890 amminovate -> 4098 stored so far
10:47:10 INFO    [devfolio] hac sweep 1 (size=200): 0 unique of 0 reported
10:47:10 INFO    [devfolio] 891 hac -> 4098 stored so far
10:47:10 INFO    [devfolio] hac had no prize-winners (winners are often announced weeks after a hackathon ends)
10:47:11 INFO    [devfolio] thacks3 sweep 1 (size=200): 0 unique of 0 reported
10:47:11 INFO    [devfolio] 892 thacks3 -> 4098 stored so far
10:47:11 INFO    [devfolio] thacks3 had no prize-winners (winners are often announced weeks after a hackathon ends)
10:47:12 INFO    [devfolio] arcane sweep 1 (size=200): 0 unique of 0 reported
10:47:12 INFO    [devfolio] 893 arcane -> 4098 stored so far
10:47:12 INFO    [devfolio] arcane had no prize-winners (winners are often announced weeks after a hackathon ends)
10:47:14 INFO    [devfolio] hackthemountains sweep 1 (size=200): 8 unique of 8 reported
10:47:14 INFO    [devfolio] 894 hackthemountains -> 4106 stored so far
10:47:17 INFO    [devfolio] softcodehack1 sweep 1 (size=200): 3 unique of 3 reported
10:47:17 INFO    [devfolio] 895 softcodehack1 -> 4109 stored so far
10:47:18 INFO    [devfolio] winterhack sweep 1 (size=200): 0 unique of 0 reported
10:47:18 INFO    [devfolio] 896 winterhack -> 4109 stored so far
10:47:18 INFO    [devfolio] winterhack had no prize-winners (winners are often announced weeks after a hackathon ends)
10:47:20 INFO    [devfolio] hacknitr4 sweep 1 (size=200): 28 unique of 28 reported
10:47:20 INFO    [devfolio] 897 hacknitr4 -> 4137 stored so far
10:47:23 INFO    [devfolio] syntax-error-2023 sweep 1 (size=200): 18 unique of 18 reported
10:47:23 INFO    [devfolio] 898 syntax-error-2023 -> 4155 stored so far
10:47:25 INFO    [devfolio] hack-krmu sweep 1 (size=200): 8 unique of 8 reported
10:47:25 INFO    [devfolio] 899 hack-krmu -> 4163 stored so far
10:47:28 INFO    [devfolio] electrothon-5 sweep 1 (size=200): 3 unique of 3 reported
10:47:28 INFO    [devfolio] 900 electrothon-5 -> 4166 stored so far
10:47:30 INFO    [devfolio] web3-init sweep 1 (size=200): 1 unique of 1 reported
10:47:30 INFO    [devfolio] 901 web3-init -> 4167 stored so far
10:47:33 INFO    [devfolio] acehack sweep 1 (size=200): 3 unique of 3 reported
10:47:33 INFO    [devfolio] 902 acehack -> 4170 stored so far
10:47:34 INFO    [devfolio] byteversenitp sweep 1 (size=200): 0 unique of 0 reported
10:47:34 INFO    [devfolio] 903 byteversenitp -> 4170 stored so far
10:47:34 INFO    [devfolio] byteversenitp had no prize-winners (winners are often announced weeks after a hackathon ends)
10:47:35 INFO    [devfolio] uhackathon sweep 1 (size=200): 0 unique of 0 reported
10:47:35 INFO    [devfolio] 904 uhackathon -> 4170 stored so far
10:47:35 INFO    [devfolio] uhackathon had no prize-winners (winners are often announced weeks after a hackathon ends)
10:47:36 INFO    [devfolio] hackodyssey sweep 1 (size=200): 0 unique of 0 reported
10:47:36 INFO    [devfolio] 905 hackodyssey -> 4170 stored so far
10:47:36 INFO    [devfolio] hackodyssey had no prize-winners (winners are often announced weeks after a hackathon ends)
10:47:37 INFO    [devfolio] hackwithmait4 sweep 1 (size=200): 0 unique of 0 reported
10:47:37 INFO    [devfolio] 906 hackwithmait4 -> 4170 stored so far
10:47:37 INFO    [devfolio] hackwithmait4 had no prize-winners (winners are often announced weeks after a hackathon ends)
10:47:40 INFO    [devfolio] duhacks3 sweep 1 (size=200): 4 unique of 4 reported
10:47:40 INFO    [devfolio] 907 duhacks3 -> 4174 stored so far
10:47:42 INFO    [devfolio] hackbells2-0 sweep 1 (size=200): 3 unique of 3 reported
10:47:42 INFO    [devfolio] 908 hackbells2-0 -> 4177 stored so far
10:47:45 INFO    [devfolio] hackhazards24 sweep 1 (size=200): 3 unique of 3 reported
10:47:45 INFO    [devfolio] 909 hackhazards24 -> 4180 stored so far
10:47:46 INFO    [devfolio] great-india-hackfest-2k24 sweep 1 (size=200): 0 unique of 0 reported
10:47:46 INFO    [devfolio] 910 great-india-hackfest-2k24 -> 4180 stored so far
10:47:46 INFO    [devfolio] great-india-hackfest-2k24 had no prize-winners (winners are often announced weeks after a hackathon ends)
10:47:47 INFO    [devfolio] hackofestnitp sweep 1 (size=200): 0 unique of 0 reported
10:47:47 INFO    [devfolio] 911 hackofestnitp -> 4180 stored so far
10:47:47 INFO    [devfolio] hackofestnitp had no prize-winners (winners are often announced weeks after a hackathon ends)
10:47:48 INFO    [devfolio] statuscode-1 sweep 1 (size=200): 0 unique of 0 reported
10:47:48 INFO    [devfolio] 912 statuscode-1 -> 4180 stored so far
10:47:48 INFO    [devfolio] statuscode-1 had no prize-winners (winners are often announced weeks after a hackathon ends)
10:47:50 INFO    [devfolio] aurora2024 sweep 1 (size=200): 5 unique of 5 reported
10:47:51 INFO    [devfolio] 913 aurora2024 -> 4185 stored so far
10:47:53 INFO    [devfolio] hack-2-future-iiit-dharwad sweep 1 (size=200): 0 unique of 0 reported
10:47:53 INFO    [devfolio] 914 hack-2-future-iiit-dharwad -> 4185 stored so far
10:47:53 INFO    [devfolio] hack-2-future-iiit-dharwad had no prize-winners (winners are often announced weeks after a hackathon ends)
10:47:53 INFO    [devfolio] thacks-7 sweep 1 (size=200): 0 unique of 0 reported
10:47:53 INFO    [devfolio] 915 thacks-7 -> 4185 stored so far
10:47:53 INFO    [devfolio] thacks-7 had no prize-winners (winners are often announced weeks after a hackathon ends)
10:47:54 INFO    [devfolio] engage-4 sweep 1 (size=200): 0 unique of 0 reported
10:47:54 INFO    [devfolio] 916 engage-4 -> 4185 stored so far
10:47:54 INFO    [devfolio] engage-4 had no prize-winners (winners are often announced weeks after a hackathon ends)
10:47:55 INFO    [devfolio] innerve-nine sweep 1 (size=200): 0 unique of 0 reported
10:47:55 INFO    [devfolio] 917 innerve-nine -> 4185 stored so far
10:47:55 INFO    [devfolio] innerve-nine had no prize-winners (winners are often announced weeks after a hackathon ends)
10:47:58 INFO    [devfolio] based-india sweep 1 (size=200): 68 unique of 68 reported
10:47:58 INFO    [devfolio] 918 based-india -> 4253 stored so far
10:48:01 INFO    [devfolio] base-batch-latam sweep 1 (size=200): 11 unique of 11 reported
10:48:01 INFO    [devfolio] 919 base-batch-latam -> 4264 stored so far
10:48:03 INFO    [devfolio] base-batch-apac sweep 1 (size=200): 13 unique of 13 reported
10:48:03 INFO    [devfolio] 920 base-batch-apac -> 4277 stored so far
10:48:05 INFO    [devfolio] based-sea sweep 1 (size=200): 65 unique of 65 reported
10:48:05 INFO    [devfolio] 921 based-sea -> 4342 stored so far
10:48:07 INFO    [devfolio] technovate-2 sweep 1 (size=200): 3 unique of 3 reported
10:48:07 INFO    [devfolio] 922 technovate-2 -> 4345 stored so far
10:48:10 INFO    [devfolio] ethforall sweep 1 (size=200): 98 unique of 98 reported
10:48:10 INFO    [devfolio] 923 ethforall -> 4443 stored so far
10:48:12 INFO    [devfolio] hacktHebuilD2 sweep 1 (size=200): 1 unique of 1 reported
10:48:12 INFO    [devfolio] 924 hacktHebuilD2 -> 4444 stored so far
10:48:14 INFO    [devfolio] ehack sweep 1 (size=200): 7 unique of 7 reported
10:48:14 INFO    [devfolio] 925 ehack -> 4451 stored so far
10:48:17 INFO    [devfolio] jithack sweep 1 (size=200): 3 unique of 3 reported
10:48:17 INFO    [devfolio] 926 jithack -> 4454 stored so far
10:48:19 INFO    [devfolio] beachhack sweep 1 (size=200): 8 unique of 8 reported
10:48:19 INFO    [devfolio] 927 beachhack -> 4462 stored so far
10:48:21 INFO    [devfolio] occultica-reinforcing-the-imaginary sweep 1 (size=200): 10 unique of 10 reported
10:48:22 INFO    [devfolio] 928 occultica-reinforcing-the-imaginary -> 4472 stored so far
10:48:24 INFO    [devfolio] osdchack sweep 1 (size=200): 6 unique of 6 reported
10:48:24 INFO    [devfolio] 929 osdchack -> 4478 stored so far
10:48:26 INFO    [devfolio] bitbybit sweep 1 (size=200): 3 unique of 3 reported
10:48:26 INFO    [devfolio] 930 bitbybit -> 4481 stored so far
10:48:28 INFO    [devfolio] unicode-project-week sweep 1 (size=200): 0 unique of 0 reported
10:48:28 INFO    [devfolio] 931 unicode-project-week -> 4481 stored so far
10:48:28 INFO    [devfolio] unicode-project-week had no prize-winners (winners are often announced weeks after a hackathon ends)
10:48:29 INFO    [devfolio] pes-innovation-lab-hashcode sweep 1 (size=200): 0 unique of 0 reported
10:48:29 INFO    [devfolio] 932 pes-innovation-lab-hashcode -> 4481 stored so far
10:48:29 INFO    [devfolio] pes-innovation-lab-hashcode had no prize-winners (winners are often announced weeks after a hackathon ends)
10:48:31 INFO    [devfolio] gdsc-hacknmims sweep 1 (size=200): 3 unique of 3 reported
10:48:31 INFO    [devfolio] 933 gdsc-hacknmims -> 4484 stored so far
10:48:33 INFO    [devfolio] iosd-winterlympics sweep 1 (size=200): 3 unique of 3 reported
10:48:33 INFO    [devfolio] 934 iosd-winterlympics -> 4487 stored so far
10:48:36 INFO    [devfolio] ctrl-alt-delete sweep 1 (size=200): 3 unique of 3 reported
10:48:36 INFO    [devfolio] 935 ctrl-alt-delete -> 4490 stored so far
10:48:37 INFO    [devfolio] hackasol2 sweep 1 (size=200): 0 unique of 0 reported
10:48:37 INFO    [devfolio] 936 hackasol2 -> 4490 stored so far
10:48:37 INFO    [devfolio] hackasol2 had no prize-winners (winners are often announced weeks after a hackathon ends)
10:48:39 INFO    [devfolio] hackofiesta2022 sweep 1 (size=200): 3 unique of 3 reported
10:48:39 INFO    [devfolio] 937 hackofiesta2022 -> 4493 stored so far
10:48:42 INFO    [devfolio] tsec-hacks sweep 1 (size=200): 3 unique of 3 reported
10:48:42 INFO    [devfolio] 938 tsec-hacks -> 4496 stored so far
10:48:44 INFO    [devfolio] econhacks-bangalore sweep 1 (size=200): 4 unique of 4 reported
10:48:44 INFO    [devfolio] 939 econhacks-bangalore -> 4500 stored so far
10:48:46 INFO    [devfolio] hackhub2022 sweep 1 (size=200): 15 unique of 15 reported
10:48:46 INFO    [devfolio] 940 hackhub2022 -> 4515 stored so far
10:48:48 INFO    [devfolio] okx-hackathon-march-2023 sweep 1 (size=200): 0 unique of 0 reported
10:48:48 INFO    [devfolio] 941 okx-hackathon-march-2023 -> 4515 stored so far
10:48:48 INFO    [devfolio] okx-hackathon-march-2023 had no prize-winners (winners are often announced weeks after a hackathon ends)
10:48:50 INFO    [devfolio] hackwithgdsciiitb sweep 1 (size=200): 4 unique of 4 reported
10:48:50 INFO    [devfolio] 942 hackwithgdsciiitb -> 4519 stored so far
10:48:52 INFO    [devfolio] hackoverflow2022 sweep 1 (size=200): 3 unique of 3 reported
10:48:52 INFO    [devfolio] 943 hackoverflow2022 -> 4522 stored so far
10:48:55 INFO    [devfolio] t-hacks4 sweep 1 (size=200): 3 unique of 3 reported
10:48:55 INFO    [devfolio] 944 t-hacks4 -> 4525 stored so far
10:48:57 INFO    [devfolio] hackmol3 sweep 1 (size=200): 20 unique of 20 reported
10:48:57 INFO    [devfolio] 945 hackmol3 -> 4545 stored so far
10:48:59 INFO    [devfolio] hack-n-solve sweep 1 (size=200): 10 unique of 10 reported
10:49:00 INFO    [devfolio] 946 hack-n-solve -> 4555 stored so far
10:49:02 INFO    [devfolio] ethseoul2023 sweep 1 (size=200): 27 unique of 27 reported
10:49:02 INFO    [devfolio] 947 ethseoul2023 -> 4582 stored so far
10:49:04 INFO    [devfolio] buidlit sweep 1 (size=200): 80 unique of 80 reported
10:49:05 INFO    [devfolio] 948 buidlit -> 4662 stored so far
10:49:06 INFO    [devfolio] quantamaze-2 sweep 1 (size=200): 3 unique of 3 reported
10:49:06 INFO    [devfolio] 949 quantamaze-2 -> 4665 stored so far
10:49:08 INFO    [devfolio] brinhack sweep 1 (size=200): 0 unique of 0 reported
10:49:08 INFO    [devfolio] 950 brinhack -> 4665 stored so far
10:49:08 INFO    [devfolio] brinhack had no prize-winners (winners are often announced weeks after a hackathon ends)
10:49:09 INFO    [devfolio] hackathrone25 sweep 1 (size=200): 0 unique of 0 reported
10:49:09 INFO    [devfolio] 951 hackathrone25 -> 4665 stored so far
10:49:09 INFO    [devfolio] hackathrone25 had no prize-winners (winners are often announced weeks after a hackathon ends)
10:49:10 INFO    [devfolio] hacknauts sweep 1 (size=200): 0 unique of 0 reported
10:49:10 INFO    [devfolio] 952 hacknauts -> 4665 stored so far
10:49:10 INFO    [devfolio] hacknauts had no prize-winners (winners are often announced weeks after a hackathon ends)
10:49:13 INFO    [devfolio] devshouse25 sweep 1 (size=200): 7 unique of 7 reported
10:49:13 INFO    [devfolio] 953 devshouse25 -> 4672 stored so far
10:49:15 INFO    [devfolio] decentralhacks2021 sweep 1 (size=200): 1 unique of 1 reported
10:49:15 INFO    [devfolio] 954 decentralhacks2021 -> 4673 stored so far
10:49:17 INFO    [devfolio] ethseoul sweep 1 (size=200): 17 unique of 17 reported
10:49:17 INFO    [devfolio] 955 ethseoul -> 4690 stored so far
10:49:20 INFO    [devfolio] novathon sweep 1 (size=200): 3 unique of 3 reported
10:49:20 INFO    [devfolio] 956 novathon -> 4693 stored so far
10:49:21 INFO    [devfolio] hackbpit23 sweep 1 (size=200): 0 unique of 0 reported
10:49:21 INFO    [devfolio] 957 hackbpit23 -> 4693 stored so far
10:49:21 INFO    [devfolio] hackbpit23 had no prize-winners (winners are often announced weeks after a hackathon ends)
10:49:23 INFO    [devfolio] hackhubvitc sweep 1 (size=200): 3 unique of 3 reported
10:49:23 INFO    [devfolio] 958 hackhubvitc -> 4696 stored so far
10:49:26 INFO    [devfolio] hack-nocturne sweep 1 (size=200): 2 unique of 2 reported
10:49:26 INFO    [devfolio] 959 hack-nocturne -> 4698 stored so far
10:49:27 INFO    [devfolio] innosprint sweep 1 (size=200): 0 unique of 0 reported
10:49:27 INFO    [devfolio] 960 innosprint -> 4698 stored so far
10:49:27 INFO    [devfolio] innosprint had no prize-winners (winners are often announced weeks after a hackathon ends)
10:49:28 INFO    [devfolio] realms sweep 1 (size=200): 0 unique of 0 reported
10:49:28 INFO    [devfolio] 961 realms -> 4698 stored so far
10:49:28 INFO    [devfolio] realms had no prize-winners (winners are often announced weeks after a hackathon ends)
10:49:30 INFO    [devfolio] move-ai-hackathon sweep 1 (size=200): 12 unique of 12 reported
10:49:30 INFO    [devfolio] 962 move-ai-hackathon -> 4710 stored so far
10:49:31 INFO    [devfolio] hackvsit-6 sweep 1 (size=200): 0 unique of 0 reported
10:49:31 INFO    [devfolio] 963 hackvsit-6 -> 4710 stored so far
10:49:31 INFO    [devfolio] hackvsit-6 had no prize-winners (winners are often announced weeks after a hackathon ends)
10:49:34 INFO    [devfolio] hackodisha2022 sweep 1 (size=200): 23 unique of 23 reported
10:49:34 INFO    [devfolio] 964 hackodisha2022 -> 4733 stored so far
10:49:36 INFO    [devfolio] hack4bengal sweep 1 (size=200): 22 unique of 22 reported
10:49:37 INFO    [devfolio] 965 hack4bengal -> 4755 stored so far
10:49:39 INFO    [devfolio] unfold2023 sweep 1 (size=200): 32 unique of 32 reported
10:49:40 INFO    [devfolio] 966 unfold2023 -> 4787 stored so far
10:49:42 INFO    [devfolio] ethdenver2025 sweep 1 (size=200): 111 unique of 111 reported
10:49:43 INFO    [devfolio] 967 ethdenver2025 -> 4897 stored so far
10:49:44 INFO    [devfolio] spectrum25 sweep 1 (size=200): 0 unique of 0 reported
10:49:44 INFO    [devfolio] 968 spectrum25 -> 4897 stored so far
10:49:44 INFO    [devfolio] spectrum25 had no prize-winners (winners are often announced weeks after a hackathon ends)
10:49:45 INFO    [devfolio] sathack sweep 1 (size=200): 0 unique of 0 reported
10:49:45 INFO    [devfolio] 969 sathack -> 4897 stored so far
10:49:45 INFO    [devfolio] sathack had no prize-winners (winners are often announced weeks after a hackathon ends)
10:49:46 INFO    [devfolio] cdp-agentkit-hackathon sweep 1 (size=200): 0 unique of 0 reported
10:49:46 INFO    [devfolio] 970 cdp-agentkit-hackathon -> 4897 stored so far
10:49:46 INFO    [devfolio] cdp-agentkit-hackathon had no prize-winners (winners are often announced weeks after a hackathon ends)
10:49:47 INFO    [devfolio] codeastra-1 sweep 1 (size=200): 0 unique of 0 reported
10:49:47 INFO    [devfolio] 971 codeastra-1 -> 4897 stored so far
10:49:47 INFO    [devfolio] codeastra-1 had no prize-winners (winners are often announced weeks after a hackathon ends)
10:49:48 INFO    [devfolio] hack-on-hills sweep 1 (size=200): 0 unique of 0 reported
10:49:48 INFO    [devfolio] 972 hack-on-hills -> 4897 stored so far
10:49:48 INFO    [devfolio] hack-on-hills had no prize-winners (winners are often announced weeks after a hackathon ends)
10:49:51 INFO    [devfolio] deerhack-25 sweep 1 (size=200): 5 unique of 5 reported
10:49:51 INFO    [devfolio] 973 deerhack-25 -> 4902 stored so far
10:49:52 INFO    [devfolio] syntax-error-2025 sweep 1 (size=200): 0 unique of 0 reported
10:49:52 INFO    [devfolio] 974 syntax-error-2025 -> 4902 stored so far
10:49:52 INFO    [devfolio] syntax-error-2025 had no prize-winners (winners are often announced weeks after a hackathon ends)
10:49:54 INFO    [devfolio] tic-pinnacle-hacks-2025 sweep 1 (size=200): 3 unique of 3 reported
10:49:55 INFO    [devfolio] 975 tic-pinnacle-hacks-2025 -> 4905 stored so far
10:49:56 INFO    [devfolio] hackanova-5 sweep 1 (size=200): 0 unique of 0 reported
10:49:56 INFO    [devfolio] 976 hackanova-5 -> 4905 stored so far
10:49:56 INFO    [devfolio] hackanova-5 had no prize-winners (winners are often announced weeks after a hackathon ends)
10:49:58 INFO    [devfolio] base-indonesia-hackathon-2025 sweep 1 (size=200): 6 unique of 6 reported
10:49:58 INFO    [devfolio] 977 base-indonesia-hackathon-2025 -> 4911 stored so far
10:49:59 INFO    [devfolio] cloudcraft-hackathon sweep 1 (size=200): 0 unique of 0 reported
10:49:59 INFO    [devfolio] 978 cloudcraft-hackathon -> 4911 stored so far
10:49:59 INFO    [devfolio] cloudcraft-hackathon had no prize-winners (winners are often announced weeks after a hackathon ends)
10:50:02 INFO    [devfolio] aegis-sandbox sweep 1 (size=200): 3 unique of 3 reported
10:50:02 INFO    [devfolio] 979 aegis-sandbox -> 4914 stored so far
10:50:04 INFO    [devfolio] warpspeed2023 sweep 1 (size=200): 10 unique of 10 reported
10:50:04 INFO    [devfolio] 980 warpspeed2023 -> 4924 stored so far
10:50:06 INFO    [devfolio] warpspeed2025 sweep 1 (size=200): 16 unique of 16 reported
10:50:07 INFO    [devfolio] 981 warpspeed2025 -> 4940 stored so far
10:50:08 INFO    [devfolio] leanin-hacks-7 sweep 1 (size=200): 0 unique of 0 reported
10:50:08 INFO    [devfolio] 982 leanin-hacks-7 -> 4940 stored so far
10:50:08 INFO    [devfolio] leanin-hacks-7 had no prize-winners (winners are often announced weeks after a hackathon ends)
10:50:09 INFO    [devfolio] aftermath sweep 1 (size=200): 0 unique of 0 reported
10:50:09 INFO    [devfolio] 983 aftermath -> 4940 stored so far
10:50:09 INFO    [devfolio] aftermath had no prize-winners (winners are often announced weeks after a hackathon ends)
10:50:11 INFO    [devfolio] hack-the-tank-3 sweep 1 (size=200): 5 unique of 5 reported
10:50:11 INFO    [devfolio] 984 hack-the-tank-3 -> 4945 stored so far
10:50:14 INFO    [devfolio] hackmol-6 sweep 1 (size=200): 3 unique of 3 reported
10:50:14 INFO    [devfolio] 985 hackmol-6 -> 4948 stored so far
10:50:15 INFO    [devfolio] hackstrom-1 sweep 1 (size=200): 0 unique of 0 reported
10:50:15 INFO    [devfolio] 986 hackstrom-1 -> 4948 stored so far
10:50:15 INFO    [devfolio] hackstrom-1 had no prize-winners (winners are often announced weeks after a hackathon ends)
10:50:17 INFO    [devfolio] am-hacks sweep 1 (size=200): 5 unique of 5 reported
10:50:17 INFO    [devfolio] 987 am-hacks -> 4953 stored so far
10:50:20 INFO    [devfolio] safe-agents sweep 1 (size=200): 60 unique of 60 reported
10:50:20 INFO    [devfolio] 988 safe-agents -> 5013 stored so far
10:50:21 INFO    [devfolio] kaggle-royale sweep 1 (size=200): 0 unique of 0 reported
10:50:21 INFO    [devfolio] 989 kaggle-royale -> 5013 stored so far
10:50:21 INFO    [devfolio] kaggle-royale had no prize-winners (winners are often announced weeks after a hackathon ends)
10:50:22 INFO    [devfolio] devplay sweep 1 (size=200): 0 unique of 0 reported
10:50:22 INFO    [devfolio] 990 devplay -> 5013 stored so far
10:50:22 INFO    [devfolio] devplay had no prize-winners (winners are often announced weeks after a hackathon ends)
10:50:23 INFO    [devfolio] hacknwin-3 sweep 1 (size=200): 0 unique of 0 reported
10:50:23 INFO    [devfolio] 991 hacknwin-3 -> 5013 stored so far
10:50:23 INFO    [devfolio] hacknwin-3 had no prize-winners (winners are often announced weeks after a hackathon ends)
10:50:26 INFO    [devfolio] amuhacks-5 sweep 1 (size=200): 3 unique of 3 reported
10:50:26 INFO    [devfolio] 992 amuhacks-5 -> 5016 stored so far
10:50:28 INFO    [devfolio] bytecamp-26 sweep 1 (size=200): 3 unique of 3 reported
10:50:28 INFO    [devfolio] 993 bytecamp-26 -> 5019 stored so far
10:50:29 INFO    [devfolio] hack-the-throne sweep 1 (size=200): 0 unique of 0 reported
10:50:29 INFO    [devfolio] 994 hack-the-throne -> 5019 stored so far
10:50:29 INFO    [devfolio] hack-the-throne had no prize-winners (winners are often announced weeks after a hackathon ends)
10:50:31 INFO    [devfolio] hackniche4-0 sweep 1 (size=200): 0 unique of 0 reported
10:50:31 INFO    [devfolio] 995 hackniche4-0 -> 5019 stored so far
10:50:31 INFO    [devfolio] hackniche4-0 had no prize-winners (winners are often announced weeks after a hackathon ends)
10:50:32 INFO    [devfolio] hack-storm sweep 1 (size=200): 0 unique of 0 reported
10:50:32 INFO    [devfolio] 996 hack-storm -> 5019 stored so far
10:50:32 INFO    [devfolio] hack-storm had no prize-winners (winners are often announced weeks after a hackathon ends)
10:50:33 INFO    [devfolio] build-space sweep 1 (size=200): 0 unique of 0 reported
10:50:33 INFO    [devfolio] 997 build-space -> 5019 stored so far
10:50:33 INFO    [devfolio] build-space had no prize-winners (winners are often announced weeks after a hackathon ends)
10:50:35 INFO    [devfolio] bitbox6-0 sweep 1 (size=200): 0 unique of 0 reported
10:50:35 INFO    [devfolio] 998 bitbox6-0 -> 5019 stored so far
10:50:35 INFO    [devfolio] bitbox6-0 had no prize-winners (winners are often announced weeks after a hackathon ends)
10:50:36 INFO    [devfolio] hack-hustle sweep 1 (size=200): 0 unique of 0 reported
10:50:36 INFO    [devfolio] 999 hack-hustle -> 5019 stored so far
10:50:36 INFO    [devfolio] hack-hustle had no prize-winners (winners are often announced weeks after a hackathon ends)
10:50:37 INFO    [devfolio] innovatex-gsamakaut sweep 1 (size=200): 0 unique of 0 reported
10:50:37 INFO    [devfolio] 1000 innovatex-gsamakaut -> 5019 stored so far
10:50:37 INFO    [devfolio] innovatex-gsamakaut had no prize-winners (winners are often announced weeks after a hackathon ends)
10:50:39 INFO    [devfolio] hack4brahma2 sweep 1 (size=200): 0 unique of 0 reported
10:50:39 INFO    [devfolio] 1001 hack4brahma2 -> 5019 stored so far
10:50:39 INFO    [devfolio] hack4brahma2 had no prize-winners (winners are often announced weeks after a hackathon ends)
10:50:42 INFO    [devfolio] synchronicity-s-2 sweep 1 (size=200): 9 unique of 9 reported
10:50:42 INFO    [devfolio] 1002 synchronicity-s-2 -> 5028 stored so far
10:50:43 INFO    [devfolio] ccuhacks sweep 1 (size=200): 0 unique of 0 reported
10:50:43 INFO    [devfolio] 1003 ccuhacks -> 5028 stored so far
10:50:43 INFO    [devfolio] ccuhacks had no prize-winners (winners are often announced weeks after a hackathon ends)
10:50:46 INFO    [devfolio] code-for-change-2026 sweep 1 (size=200): 3 unique of 3 reported
10:50:46 INFO    [devfolio] 1004 code-for-change-2026 -> 5031 stored so far
10:50:47 INFO    [devfolio] shebuilds-chennai-hack sweep 1 (size=200): 0 unique of 0 reported
10:50:47 INFO    [devfolio] 1005 shebuilds-chennai-hack -> 5031 stored so far
10:50:47 INFO    [devfolio] shebuilds-chennai-hack had no prize-winners (winners are often announced weeks after a hackathon ends)
10:50:49 INFO    [devfolio] ethdenver2026 sweep 1 (size=200): 73 unique of 73 reported
10:50:50 INFO    [devfolio] 1006 ethdenver2026 -> 5104 stored so far
10:50:51 INFO    [devfolio] buildindia2026 sweep 1 (size=200): 3 unique of 3 reported
10:50:52 INFO    [devfolio] 1007 buildindia2026 -> 5107 stored so far
10:50:54 INFO    [devfolio] paygentic-week3 sweep 1 (size=200): 3 unique of 3 reported
10:50:54 INFO    [devfolio] 1008 paygentic-week3 -> 5110 stored so far
10:50:55 INFO    [devfolio] studenthacks-test sweep 1 (size=200): 0 unique of 0 reported
10:50:55 INFO    [devfolio] 1009 studenthacks-test -> 5110 stored so far
10:50:55 INFO    [devfolio] studenthacks-test had no prize-winners (winners are often announced weeks after a hackathon ends)
10:50:56 INFO    [devfolio] girlathon26 sweep 1 (size=200): 0 unique of 0 reported
10:50:56 INFO    [devfolio] 1010 girlathon26 -> 5110 stored so far
10:50:56 INFO    [devfolio] girlathon26 had no prize-winners (winners are often announced weeks after a hackathon ends)
10:50:57 INFO    [devfolio] infinity-hacks sweep 1 (size=200): 0 unique of 0 reported
10:50:57 INFO    [devfolio] 1011 infinity-hacks -> 5110 stored so far
10:50:57 INFO    [devfolio] infinity-hacks had no prize-winners (winners are often announced weeks after a hackathon ends)
10:50:59 INFO    [devfolio] the-great-agent-hackathon sweep 1 (size=200): 0 unique of 0 reported
10:50:59 INFO    [devfolio] 1012 the-great-agent-hackathon -> 5110 stored so far
10:50:59 INFO    [devfolio] the-great-agent-hackathon had no prize-winners (winners are often announced weeks after a hackathon ends)
10:51:00 INFO    [devfolio] codestorm-week2-2026 sweep 1 (size=200): 0 unique of 0 reported
10:51:00 INFO    [devfolio] 1013 codestorm-week2-2026 -> 5110 stored so far
10:51:00 INFO    [devfolio] codestorm-week2-2026 had no prize-winners (winners are often announced weeks after a hackathon ends)
10:51:01 INFO    [devfolio] udhyam-hackathon sweep 1 (size=200): 0 unique of 0 reported
10:51:01 INFO    [devfolio] 1014 udhyam-hackathon -> 5110 stored so far
10:51:01 INFO    [devfolio] udhyam-hackathon had no prize-winners (winners are often announced weeks after a hackathon ends)
10:51:02 INFO    [devfolio] hackfest sweep 1 (size=200): 0 unique of 0 reported
10:51:02 INFO    [devfolio] 1015 hackfest -> 5110 stored so far
10:51:02 INFO    [devfolio] hackfest had no prize-winners (winners are often announced weeks after a hackathon ends)
10:51:04 INFO    [devfolio] sleepless-coding-saga sweep 1 (size=200): 0 unique of 0 reported
10:51:04 INFO    [devfolio] 1016 sleepless-coding-saga -> 5110 stored so far
10:51:04 INFO    [devfolio] sleepless-coding-saga had no prize-winners (winners are often announced weeks after a hackathon ends)
10:51:05 INFO    [devfolio] datadrift-hackfest sweep 1 (size=200): 0 unique of 0 reported
10:51:05 INFO    [devfolio] 1017 datadrift-hackfest -> 5110 stored so far
10:51:05 INFO    [devfolio] datadrift-hackfest had no prize-winners (winners are often announced weeks after a hackathon ends)
10:51:06 INFO    [devfolio] datadrift-hackfest-1 sweep 1 (size=200): 0 unique of 0 reported
10:51:06 INFO    [devfolio] 1018 datadrift-hackfest-1 -> 5110 stored so far
10:51:06 INFO    [devfolio] datadrift-hackfest-1 had no prize-winners (winners are often announced weeks after a hackathon ends)
10:51:07 INFO    [devfolio] hacktactix-ctf sweep 1 (size=200): 0 unique of 0 reported
10:51:07 INFO    [devfolio] 1019 hacktactix-ctf -> 5110 stored so far
10:51:07 INFO    [devfolio] hacktactix-ctf had no prize-winners (winners are often announced weeks after a hackathon ends)
10:51:09 INFO    [devfolio] internal-technoxian sweep 1 (size=200): 0 unique of 0 reported
10:51:09 INFO    [devfolio] 1020 internal-technoxian -> 5110 stored so far
10:51:09 INFO    [devfolio] internal-technoxian had no prize-winners (winners are often announced weeks after a hackathon ends)
10:51:10 INFO    [devfolio] techquack sweep 1 (size=200): 0 unique of 0 reported
10:51:10 INFO    [devfolio] 1021 techquack -> 5110 stored so far
10:51:10 INFO    [devfolio] techquack had no prize-winners (winners are often announced weeks after a hackathon ends)
10:51:11 INFO    [devfolio] hackwithgenesis-1 sweep 1 (size=200): 0 unique of 0 reported
10:51:11 INFO    [devfolio] 1022 hackwithgenesis-1 -> 5110 stored so far
10:51:11 INFO    [devfolio] hackwithgenesis-1 had no prize-winners (winners are often announced weeks after a hackathon ends)
10:51:12 INFO    [devfolio] hackignite sweep 1 (size=200): 0 unique of 0 reported
10:51:12 INFO    [devfolio] 1023 hackignite -> 5110 stored so far
10:51:12 INFO    [devfolio] hackignite had no prize-winners (winners are often announced weeks after a hackathon ends)
10:51:13 INFO    [devfolio] aicodex sweep 1 (size=200): 0 unique of 0 reported
10:51:13 INFO    [devfolio] 1024 aicodex -> 5110 stored so far
10:51:13 INFO    [devfolio] aicodex had no prize-winners (winners are often announced weeks after a hackathon ends)
10:51:15 INFO    [devfolio] sleepless-coding-saga-2-de03 sweep 1 (size=200): 0 unique of 0 reported
10:51:15 INFO    [devfolio] 1025 sleepless-coding-saga-2-de03 -> 5110 stored so far
10:51:15 INFO    [devfolio] sleepless-coding-saga-2-de03 had no prize-winners (winners are often announced weeks after a hackathon ends)
10:51:16 INFO    [devfolio] innovatex2 sweep 1 (size=200): 0 unique of 0 reported
10:51:16 INFO    [devfolio] 1026 innovatex2 -> 5110 stored so far
10:51:16 INFO    [devfolio] innovatex2 had no prize-winners (winners are often announced weeks after a hackathon ends)
10:51:17 INFO    [devfolio] hackshetra-2025 sweep 1 (size=200): 0 unique of 0 reported
10:51:17 INFO    [devfolio] 1027 hackshetra-2025 -> 5110 stored so far
10:51:17 INFO    [devfolio] hackshetra-2025 had no prize-winners (winners are often announced weeks after a hackathon ends)
10:51:18 INFO    [devfolio] haxfinity sweep 1 (size=200): 0 unique of 0 reported
10:51:18 INFO    [devfolio] 1028 haxfinity -> 5110 stored so far
10:51:18 INFO    [devfolio] haxfinity had no prize-winners (winners are often announced weeks after a hackathon ends)
10:51:20 INFO    [devfolio] hefty-hacks sweep 1 (size=200): 0 unique of 0 reported
10:51:20 INFO    [devfolio] 1029 hefty-hacks -> 5110 stored so far
10:51:20 INFO    [devfolio] hefty-hacks had no prize-winners (winners are often announced weeks after a hackathon ends)
10:51:21 INFO    [devfolio] hackinverse-s1 sweep 1 (size=200): 0 unique of 0 reported
10:51:21 INFO    [devfolio] 1030 hackinverse-s1 -> 5110 stored so far
10:51:21 INFO    [devfolio] hackinverse-s1 had no prize-winners (winners are often announced weeks after a hackathon ends)
10:51:22 INFO    [devfolio] hackonhills8 sweep 1 (size=200): 0 unique of 0 reported
10:51:22 INFO    [devfolio] 1031 hackonhills8 -> 5110 stored so far
10:51:22 INFO    [devfolio] hackonhills8 had no prize-winners (winners are often announced weeks after a hackathon ends)
10:51:24 INFO    [devfolio] hacker-house-goa-2026 sweep 1 (size=200): 0 unique of 0 reported
10:51:24 INFO    [devfolio] 1032 hacker-house-goa-2026 -> 5110 stored so far
10:51:24 INFO    [devfolio] hacker-house-goa-2026 had no prize-winners (winners are often announced weeks after a hackathon ends)
10:51:25 INFO    [devfolio] productathon-ai sweep 1 (size=200): 0 unique of 0 reported
10:51:25 INFO    [devfolio] 1033 productathon-ai -> 5110 stored so far
10:51:25 INFO    [devfolio] productathon-ai had no prize-winners (winners are often announced weeks after a hackathon ends)
10:51:28 INFO    [devfolio] jamshack23 sweep 1 (size=200): 6 unique of 6 reported
10:51:28 INFO    [devfolio] 1034 jamshack23 -> 5116 stored so far
10:51:29 INFO    [devfolio] hackthiscoffee sweep 1 (size=200): 0 unique of 0 reported
10:51:29 INFO    [devfolio] 1035 hackthiscoffee -> 5116 stored so far
10:51:29 INFO    [devfolio] hackthiscoffee had no prize-winners (winners are often announced weeks after a hackathon ends)
10:51:31 INFO    [devfolio] collegium-aleo sweep 1 (size=200): 7 unique of 7 reported
10:51:31 INFO    [devfolio] 1036 collegium-aleo -> 5123 stored so far
10:51:33 INFO    [devfolio] innovatensut24 sweep 1 (size=200): 3 unique of 3 reported
10:51:33 INFO    [devfolio] 1037 innovatensut24 -> 5126 stored so far
10:51:36 INFO    [devfolio] fossathon sweep 1 (size=200): 4 unique of 4 reported
10:51:36 INFO    [devfolio] 1038 fossathon -> 5130 stored so far
10:51:37 INFO    [devfolio] bytecampsiesgst sweep 1 (size=200): 0 unique of 0 reported
10:51:37 INFO    [devfolio] 1039 bytecampsiesgst -> 5130 stored so far
10:51:37 INFO    [devfolio] bytecampsiesgst had no prize-winners (winners are often announced weeks after a hackathon ends)
10:51:38 INFO    [devfolio] codeutsava4 sweep 1 (size=200): 0 unique of 0 reported
10:51:38 INFO    [devfolio] 1040 codeutsava4 -> 5130 stored so far
10:51:38 INFO    [devfolio] codeutsava4 had no prize-winners (winners are often announced weeks after a hackathon ends)
10:51:40 INFO    [devfolio] parallax sweep 1 (size=200): 0 unique of 0 reported
10:51:40 INFO    [devfolio] 1041 parallax -> 5130 stored so far
10:51:40 INFO    [devfolio] parallax had no prize-winners (winners are often announced weeks after a hackathon ends)
10:51:41 INFO    [devfolio] exun sweep 1 (size=200): 0 unique of 0 reported
10:51:41 INFO    [devfolio] 1042 exun -> 5130 stored so far
10:51:41 INFO    [devfolio] exun had no prize-winners (winners are often announced weeks after a hackathon ends)
10:51:42 INFO    [devfolio] ethereumindiafellowship sweep 1 (size=200): 0 unique of 0 reported
10:51:42 INFO    [devfolio] 1043 ethereumindiafellowship -> 5130 stored so far
10:51:42 INFO    [devfolio] ethereumindiafellowship had no prize-winners (winners are often announced weeks after a hackathon ends)
10:51:43 INFO    [devfolio] nmit-hacks sweep 1 (size=200): 0 unique of 0 reported
10:51:43 INFO    [devfolio] 1044 nmit-hacks -> 5130 stored so far
10:51:43 INFO    [devfolio] nmit-hacks had no prize-winners (winners are often announced weeks after a hackathon ends)
10:51:44 INFO    [devfolio] robofest sweep 1 (size=200): 0 unique of 0 reported
10:51:44 INFO    [devfolio] 1045 robofest -> 5130 stored so far
10:51:44 INFO    [devfolio] robofest had no prize-winners (winners are often announced weeks after a hackathon ends)
10:51:45 INFO    [devfolio] hackcovid19 sweep 1 (size=200): 0 unique of 0 reported
10:51:45 INFO    [devfolio] 1046 hackcovid19 -> 5130 stored so far
10:51:45 INFO    [devfolio] hackcovid19 had no prize-winners (winners are often announced weeks after a hackathon ends)
10:51:47 INFO    [devfolio] desci-london sweep 1 (size=200): 0 unique of 0 reported
10:51:47 INFO    [devfolio] 1047 desci-london -> 5130 stored so far
10:51:47 INFO    [devfolio] desci-london had no prize-winners (winners are often announced weeks after a hackathon ends)
10:51:48 INFO    [devfolio] vortex360 sweep 1 (size=200): 0 unique of 0 reported
10:51:48 INFO    [devfolio] 1048 vortex360 -> 5130 stored so far
10:51:48 INFO    [devfolio] vortex360 had no prize-winners (winners are often announced weeks after a hackathon ends)
10:51:49 INFO    [devfolio] codeshastra sweep 1 (size=200): 0 unique of 0 reported
10:51:49 INFO    [devfolio] 1049 codeshastra -> 5130 stored so far
10:51:49 INFO    [devfolio] codeshastra had no prize-winners (winners are often announced weeks after a hackathon ends)
10:51:50 INFO    [devfolio] hack-camp sweep 1 (size=200): 0 unique of 0 reported
10:51:50 INFO    [devfolio] 1050 hack-camp -> 5130 stored so far
10:51:50 INFO    [devfolio] hack-camp had no prize-winners (winners are often announced weeks after a hackathon ends)
10:51:52 INFO    [devfolio] dotslash sweep 1 (size=200): 0 unique of 0 reported
10:51:52 INFO    [devfolio] 1051 dotslash -> 5130 stored so far
10:51:52 INFO    [devfolio] dotslash had no prize-winners (winners are often announced weeks after a hackathon ends)
10:51:53 INFO    [devfolio] innerve6 sweep 1 (size=200): 0 unique of 0 reported
10:51:53 INFO    [devfolio] 1052 innerve6 -> 5130 stored so far
10:51:53 INFO    [devfolio] innerve6 had no prize-winners (winners are often announced weeks after a hackathon ends)
10:51:54 INFO    [devfolio] hackbout-3 sweep 1 (size=200): 0 unique of 0 reported
10:51:54 INFO    [devfolio] 1053 hackbout-3 -> 5130 stored so far
10:51:54 INFO    [devfolio] hackbout-3 had no prize-winners (winners are often announced weeks after a hackathon ends)
10:51:55 INFO    [devfolio] tpg-bangalore-hacker-house sweep 1 (size=200): 0 unique of 0 reported
10:51:55 INFO    [devfolio] 1054 tpg-bangalore-hacker-house -> 5130 stored so far
10:51:55 INFO    [devfolio] tpg-bangalore-hacker-house had no prize-winners (winners are often announced weeks after a hackathon ends)
10:51:57 INFO    [devfolio] hackmacehub sweep 1 (size=200): 0 unique of 0 reported
10:51:57 INFO    [devfolio] 1055 hackmacehub -> 5130 stored so far
10:51:57 INFO    [devfolio] hackmacehub had no prize-winners (winners are often announced weeks after a hackathon ends)
10:51:58 INFO    [devfolio] tezindia-harappa sweep 1 (size=200): 0 unique of 0 reported
10:51:58 INFO    [devfolio] 1056 tezindia-harappa -> 5130 stored so far
10:51:58 INFO    [devfolio] tezindia-harappa had no prize-winners (winners are often announced weeks after a hackathon ends)
10:51:59 INFO    [devfolio] hackux sweep 1 (size=200): 0 unique of 0 reported
10:51:59 INFO    [devfolio] 1057 hackux -> 5130 stored so far
10:51:59 INFO    [devfolio] hackux had no prize-winners (winners are often announced weeks after a hackathon ends)
10:52:00 INFO    [devfolio] hack-unicorn2 sweep 1 (size=200): 0 unique of 0 reported
10:52:00 INFO    [devfolio] 1058 hack-unicorn2 -> 5130 stored so far
10:52:00 INFO    [devfolio] hack-unicorn2 had no prize-winners (winners are often announced weeks after a hackathon ends)
10:52:03 INFO    [devfolio] devbits-web-development-hackathon sweep 1 (size=200): 3 unique of 3 reported
10:52:03 INFO    [devfolio] 1059 devbits-web-development-hackathon -> 5133 stored so far
10:52:04 INFO    [devfolio] codeshastra-7 sweep 1 (size=200): 0 unique of 0 reported
10:52:04 INFO    [devfolio] 1060 codeshastra-7 -> 5133 stored so far
10:52:04 INFO    [devfolio] codeshastra-7 had no prize-winners (winners are often announced weeks after a hackathon ends)
10:52:05 INFO    [devfolio] onload sweep 1 (size=200): 0 unique of 0 reported
10:52:05 INFO    [devfolio] 1061 onload -> 5133 stored so far
10:52:05 INFO    [devfolio] onload had no prize-winners (winners are often announced weeks after a hackathon ends)
10:52:06 INFO    [devfolio] uhack sweep 1 (size=200): 0 unique of 0 reported
10:52:06 INFO    [devfolio] 1062 uhack -> 5133 stored so far
10:52:06 INFO    [devfolio] uhack had no prize-winners (winners are often announced weeks after a hackathon ends)
10:52:08 INFO    [devfolio] innobuzz sweep 1 (size=200): 0 unique of 0 reported
10:52:08 INFO    [devfolio] 1063 innobuzz -> 5133 stored so far
10:52:08 INFO    [devfolio] innobuzz had no prize-winners (winners are often announced weeks after a hackathon ends)
10:52:09 INFO    [devfolio] utkalhacks sweep 1 (size=200): 0 unique of 0 reported
10:52:09 INFO    [devfolio] 1064 utkalhacks -> 5133 stored so far
10:52:09 INFO    [devfolio] utkalhacks had no prize-winners (winners are often announced weeks after a hackathon ends)
10:52:10 INFO    [devfolio] djacm-loc sweep 1 (size=200): 0 unique of 0 reported
10:52:10 INFO    [devfolio] 1065 djacm-loc -> 5133 stored so far
10:52:10 INFO    [devfolio] djacm-loc had no prize-winners (winners are often announced weeks after a hackathon ends)
10:52:11 INFO    [devfolio] isohack sweep 1 (size=200): 0 unique of 0 reported
10:52:11 INFO    [devfolio] 1066 isohack -> 5133 stored so far
10:52:11 INFO    [devfolio] isohack had no prize-winners (winners are often announced weeks after a hackathon ends)
10:52:12 INFO    [devfolio] unscript2020 sweep 1 (size=200): 0 unique of 0 reported
10:52:12 INFO    [devfolio] 1067 unscript2020 -> 5133 stored so far
10:52:12 INFO    [devfolio] unscript2020 had no prize-winners (winners are often announced weeks after a hackathon ends)
10:52:14 INFO    [devfolio] kjsce-hack sweep 1 (size=200): 0 unique of 0 reported
10:52:14 INFO    [devfolio] 1068 kjsce-hack -> 5133 stored so far
10:52:14 INFO    [devfolio] kjsce-hack had no prize-winners (winners are often announced weeks after a hackathon ends)
10:52:15 INFO    [devfolio] codebreak2019 sweep 1 (size=200): 0 unique of 0 reported
10:52:15 INFO    [devfolio] 1069 codebreak2019 -> 5133 stored so far
10:52:15 INFO    [devfolio] codebreak2019 had no prize-winners (winners are often announced weeks after a hackathon ends)
10:52:16 INFO    [devfolio] envisage sweep 1 (size=200): 0 unique of 0 reported
10:52:16 INFO    [devfolio] 1070 envisage -> 5133 stored so far
10:52:16 INFO    [devfolio] envisage had no prize-winners (winners are often announced weeks after a hackathon ends)
10:52:17 INFO    [devfolio] healocode sweep 1 (size=200): 0 unique of 0 reported
10:52:17 INFO    [devfolio] 1071 healocode -> 5133 stored so far
10:52:17 INFO    [devfolio] healocode had no prize-winners (winners are often announced weeks after a hackathon ends)
10:52:19 INFO    [devfolio] hack-fledge sweep 1 (size=200): 0 unique of 0 reported
10:52:19 INFO    [devfolio] 1072 hack-fledge -> 5133 stored so far
10:52:19 INFO    [devfolio] hack-fledge had no prize-winners (winners are often announced weeks after a hackathon ends)
10:52:20 INFO    [devfolio] eif3 sweep 1 (size=200): 0 unique of 0 reported
10:52:20 INFO    [devfolio] 1073 eif3 -> 5133 stored so far
10:52:20 INFO    [devfolio] eif3 had no prize-winners (winners are often announced weeks after a hackathon ends)
10:52:21 INFO    [devfolio] aa-online-hackathon sweep 1 (size=200): 0 unique of 0 reported
10:52:21 INFO    [devfolio] 1074 aa-online-hackathon -> 5133 stored so far
10:52:21 INFO    [devfolio] aa-online-hackathon had no prize-winners (winners are often announced weeks after a hackathon ends)
10:52:22 INFO    [devfolio] ascensio sweep 1 (size=200): 0 unique of 0 reported
10:52:22 INFO    [devfolio] 1075 ascensio -> 5133 stored so far
10:52:22 INFO    [devfolio] ascensio had no prize-winners (winners are often announced weeks after a hackathon ends)
10:52:24 INFO    [devfolio] codinggeeks sweep 1 (size=200): 0 unique of 0 reported
10:52:24 INFO    [devfolio] 1076 codinggeeks -> 5133 stored so far
10:52:24 INFO    [devfolio] codinggeeks had no prize-winners (winners are often announced weeks after a hackathon ends)
10:52:25 INFO    [devfolio] hackopitch23-iitm sweep 1 (size=200): 0 unique of 0 reported
10:52:25 INFO    [devfolio] 1077 hackopitch23-iitm -> 5133 stored so far
10:52:25 INFO    [devfolio] hackopitch23-iitm had no prize-winners (winners are often announced weeks after a hackathon ends)
10:52:26 INFO    [devfolio] concordia sweep 1 (size=200): 0 unique of 0 reported
10:52:26 INFO    [devfolio] 1078 concordia -> 5133 stored so far
10:52:26 INFO    [devfolio] concordia had no prize-winners (winners are often announced weeks after a hackathon ends)
10:52:29 INFO    [devfolio] hackgdsc sweep 1 (size=200): 8 unique of 8 reported
10:52:29 INFO    [devfolio] 1079 hackgdsc -> 5141 stored so far
10:52:31 INFO    [devfolio] codebreak2020 sweep 1 (size=200): 5 unique of 5 reported
10:52:31 INFO    [devfolio] 1080 codebreak2020 -> 5146 stored so far
10:52:33 INFO    [devfolio] ethdenver2021 sweep 1 (size=200): 55 unique of 55 reported
10:52:34 INFO    [devfolio] 1081 ethdenver2021 -> 5201 stored so far
10:52:35 INFO    [devfolio] game-oasis-blr sweep 1 (size=200): 14 unique of 14 reported
10:52:36 INFO    [devfolio] 1082 game-oasis-blr -> 5215 stored so far
10:52:38 INFO    [devfolio] nfthacks sweep 1 (size=200): 3 unique of 3 reported
10:52:38 INFO    [devfolio] 1083 nfthacks -> 5218 stored so far
10:52:41 INFO    [devfolio] swocs3 sweep 1 (size=200): 10 unique of 10 reported
10:52:41 INFO    [devfolio] 1084 swocs3 -> 5228 stored so far
10:52:43 INFO    [devfolio] hacktrixtake2 sweep 1 (size=200): 5 unique of 5 reported
10:52:43 INFO    [devfolio] 1085 hacktrixtake2 -> 5233 stored so far
10:52:45 INFO    [devfolio] hackbout2 sweep 1 (size=200): 5 unique of 5 reported
10:52:45 INFO    [devfolio] 1086 hackbout2 -> 5238 stored so far
10:52:48 INFO    [devfolio] game-oasis-sf sweep 1 (size=200): 5 unique of 5 reported
10:52:48 INFO    [devfolio] 1087 game-oasis-sf -> 5243 stored so far
10:52:50 INFO    [devfolio] codetherush sweep 1 (size=200): 3 unique of 3 reported
10:52:50 INFO    [devfolio] 1088 codetherush -> 5246 stored so far
10:52:52 INFO    [devfolio] pollux-2023 sweep 1 (size=200): 18 unique of 18 reported
10:52:52 INFO    [devfolio] 1089 pollux-2023 -> 5264 stored so far
10:52:55 INFO    [devfolio] hackbattle sweep 1 (size=200): 11 unique of 11 reported
10:52:55 INFO    [devfolio] 1090 hackbattle -> 5275 stored so far
10:52:57 INFO    [devfolio] electrothon3 sweep 1 (size=200): 15 unique of 15 reported
10:52:57 INFO    [devfolio] 1091 electrothon3 -> 5290 stored so far
10:52:59 INFO    [devfolio] engineer-hackathon sweep 1 (size=200): 3 unique of 3 reported
10:53:00 INFO    [devfolio] 1092 engineer-hackathon -> 5293 stored so far
10:53:02 INFO    [devfolio] ingenious-hackathon-2 sweep 1 (size=200): 8 unique of 8 reported
10:53:02 INFO    [devfolio] 1093 ingenious-hackathon-2 -> 5301 stored so far
10:53:04 INFO    [devfolio] stuck-between-a-hack sweep 1 (size=200): 4 unique of 4 reported
10:53:04 INFO    [devfolio] 1094 stuck-between-a-hack -> 5305 stored so far
10:53:07 INFO    [devfolio] hacknitr sweep 1 (size=200): 5 unique of 5 reported
10:53:07 INFO    [devfolio] 1095 hacknitr -> 5310 stored so far
10:53:09 INFO    [devfolio] hacknu sweep 1 (size=200): 3 unique of 3 reported
10:53:09 INFO    [devfolio] 1096 hacknu -> 5313 stored so far
10:53:12 INFO    [devfolio] freshmanhacks sweep 1 (size=200): 3 unique of 3 reported
10:53:12 INFO    [devfolio] 1097 freshmanhacks -> 5316 stored so far
10:53:14 INFO    [devfolio] hackbvest-21 sweep 1 (size=200): 2 unique of 2 reported
10:53:14 INFO    [devfolio] 1098 hackbvest-21 -> 5318 stored so far
10:53:17 INFO    [devfolio] makeaton sweep 1 (size=200): 4 unique of 4 reported
10:53:17 INFO    [devfolio] 1099 makeaton -> 5322 stored so far
10:53:19 INFO    [devfolio] recursion2021 sweep 1 (size=200): 3 unique of 3 reported
10:53:19 INFO    [devfolio] 1100 recursion2021 -> 5325 stored so far
10:53:21 INFO    [devfolio] hackout-21 sweep 1 (size=200): 4 unique of 4 reported
10:53:21 INFO    [devfolio] 1101 hackout-21 -> 5329 stored so far
10:53:24 INFO    [devfolio] filecoin-orbit-india-hackathon-iiit-sri-city sweep 1 (size=200): 3 unique of 3 reported
10:53:24 INFO    [devfolio] 1102 filecoin-orbit-india-hackathon-iiit-sri-city -> 5332 stored so far
10:53:27 INFO    [devfolio] hackelevate sweep 1 (size=200): 3 unique of 3 reported
10:53:27 INFO    [devfolio] 1103 hackelevate -> 5335 stored so far
10:53:29 INFO    [devfolio] hackout2022 sweep 1 (size=200): 10 unique of 10 reported
10:53:29 INFO    [devfolio] 1104 hackout2022 -> 5345 stored so far
10:53:31 INFO    [devfolio] delhihacks sweep 1 (size=200): 0 unique of 0 reported
10:53:31 INFO    [devfolio] 1105 delhihacks -> 5345 stored so far
10:53:31 INFO    [devfolio] delhihacks had no prize-winners (winners are often announced weeks after a hackathon ends)
10:53:33 INFO    [devfolio] kjscehack7 sweep 1 (size=200): 3 unique of 3 reported
10:53:33 INFO    [devfolio] 1106 kjscehack7 -> 5348 stored so far
10:53:34 INFO    [devfolio] codekumbh sweep 1 (size=200): 0 unique of 0 reported
10:53:34 INFO    [devfolio] 1107 codekumbh -> 5348 stored so far
10:53:34 INFO    [devfolio] codekumbh had no prize-winners (winners are often announced weeks after a hackathon ends)
10:53:36 INFO    [devfolio] acm-hackcon sweep 1 (size=200): 3 unique of 3 reported
10:53:36 INFO    [devfolio] 1108 acm-hackcon -> 5351 stored so far
10:53:37 INFO    [devfolio] the-csikjsce-ideathon sweep 1 (size=200): 0 unique of 0 reported
10:53:37 INFO    [devfolio] 1109 the-csikjsce-ideathon -> 5351 stored so far
10:53:37 INFO    [devfolio] the-csikjsce-ideathon had no prize-winners (winners are often announced weeks after a hackathon ends)
10:53:39 INFO    [devfolio] innospark sweep 1 (size=200): 0 unique of 0 reported
10:53:39 INFO    [devfolio] 1110 innospark -> 5351 stored so far
10:53:39 INFO    [devfolio] innospark had no prize-winners (winners are often announced weeks after a hackathon ends)
10:53:40 INFO    [devfolio] nextech-1 sweep 1 (size=200): 0 unique of 0 reported
10:53:40 INFO    [devfolio] 1111 nextech-1 -> 5351 stored so far
10:53:40 INFO    [devfolio] nextech-1 had no prize-winners (winners are often announced weeks after a hackathon ends)
10:53:41 INFO    [devfolio] hackathena sweep 1 (size=200): 0 unique of 0 reported
10:53:41 INFO    [devfolio] 1112 hackathena -> 5351 stored so far
10:53:41 INFO    [devfolio] hackathena had no prize-winners (winners are often announced weeks after a hackathon ends)
10:53:42 INFO    [devfolio] technozest sweep 1 (size=200): 0 unique of 0 reported
10:53:42 INFO    [devfolio] 1113 technozest -> 5351 stored so far
10:53:42 INFO    [devfolio] technozest had no prize-winners (winners are often announced weeks after a hackathon ends)
10:53:44 INFO    [devfolio] deepsolv-genai-challenge sweep 1 (size=200): 0 unique of 0 reported
10:53:44 INFO    [devfolio] 1114 deepsolv-genai-challenge -> 5351 stored so far
10:53:44 INFO    [devfolio] deepsolv-genai-challenge had no prize-winners (winners are often announced weeks after a hackathon ends)
10:53:45 INFO    [devfolio] ideatex sweep 1 (size=200): 0 unique of 0 reported
10:53:45 INFO    [devfolio] 1115 ideatex -> 5351 stored so far
10:53:45 INFO    [devfolio] ideatex had no prize-winners (winners are often announced weeks after a hackathon ends)
10:53:46 INFO    [devfolio] filecoin-orbit-india-hackathon-mit-karnataka sweep 1 (size=200): 0 unique of 0 reported
10:53:46 INFO    [devfolio] 1116 filecoin-orbit-india-hackathon-mit-karnataka -> 5351 stored so far
10:53:46 INFO    [devfolio] filecoin-orbit-india-hackathon-mit-karnataka had no prize-winners (winners are often announced weeks after a hackathon ends)
10:53:47 INFO    [devfolio] code-canvas sweep 1 (size=200): 0 unique of 0 reported
10:53:47 INFO    [devfolio] 1117 code-canvas -> 5351 stored so far
10:53:47 INFO    [devfolio] code-canvas had no prize-winners (winners are often announced weeks after a hackathon ends)
10:53:48 INFO    [devfolio] nexus sweep 1 (size=200): 0 unique of 0 reported
10:53:48 INFO    [devfolio] 1118 nexus -> 5351 stored so far
10:53:48 INFO    [devfolio] nexus had no prize-winners (winners are often announced weeks after a hackathon ends)
10:53:49 INFO    [devfolio] fhe-confidential-dapps sweep 1 (size=200): 0 unique of 0 reported
10:53:49 INFO    [devfolio] 1119 fhe-confidential-dapps -> 5351 stored so far
10:53:49 INFO    [devfolio] fhe-confidential-dapps had no prize-winners (winners are often announced weeks after a hackathon ends)
10:53:51 INFO    [devfolio] hackfuture sweep 1 (size=200): 0 unique of 0 reported
10:53:51 INFO    [devfolio] 1120 hackfuture -> 5351 stored so far
10:53:51 INFO    [devfolio] hackfuture had no prize-winners (winners are often announced weeks after a hackathon ends)
10:53:52 INFO    [devfolio] byteblitz sweep 1 (size=200): 0 unique of 0 reported
10:53:52 INFO    [devfolio] 1121 byteblitz -> 5351 stored so far
10:53:52 INFO    [devfolio] byteblitz had no prize-winners (winners are often announced weeks after a hackathon ends)
10:53:53 INFO    [devfolio] trc-winter-of-code sweep 1 (size=200): 0 unique of 0 reported
10:53:53 INFO    [devfolio] 1122 trc-winter-of-code -> 5351 stored so far
10:53:53 INFO    [devfolio] trc-winter-of-code had no prize-winners (winners are often announced weeks after a hackathon ends)
10:53:54 INFO    [devfolio] hackdegalaxy sweep 1 (size=200): 0 unique of 0 reported
10:53:54 INFO    [devfolio] 1123 hackdegalaxy -> 5351 stored so far
10:53:54 INFO    [devfolio] hackdegalaxy had no prize-winners (winners are often announced weeks after a hackathon ends)
10:53:56 INFO    [devfolio] hackatron sweep 1 (size=200): 0 unique of 0 reported
10:53:56 INFO    [devfolio] 1124 hackatron -> 5351 stored so far
10:53:56 INFO    [devfolio] hackatron had no prize-winners (winners are often announced weeks after a hackathon ends)
10:53:57 INFO    [devfolio] webwizard sweep 1 (size=200): 0 unique of 0 reported
10:53:57 INFO    [devfolio] 1125 webwizard -> 5351 stored so far
10:53:57 INFO    [devfolio] webwizard had no prize-winners (winners are often announced weeks after a hackathon ends)
10:53:58 INFO    [devfolio] innohacks sweep 1 (size=200): 0 unique of 0 reported
10:53:58 INFO    [devfolio] 1126 innohacks -> 5351 stored so far
10:53:58 INFO    [devfolio] innohacks had no prize-winners (winners are often announced weeks after a hackathon ends)
10:54:00 INFO    [devfolio] hackathena-2 sweep 1 (size=200): 4 unique of 4 reported
10:54:01 INFO    [devfolio] 1127 hackathena-2 -> 5355 stored so far
10:54:02 INFO    [devfolio] digitalization-for-disruptive-technologies sweep 1 (size=200): 0 unique of 0 reported
10:54:02 INFO    [devfolio] 1128 digitalization-for-disruptive-technologies -> 5355 stored so far
10:54:02 INFO    [devfolio] digitalization-for-disruptive-technologies had no prize-winners (winners are often announced weeks after a hackathon ends)
10:54:03 INFO    [devfolio] tech-abhikriti sweep 1 (size=200): 0 unique of 0 reported
10:54:03 INFO    [devfolio] 1129 tech-abhikriti -> 5355 stored so far
10:54:03 INFO    [devfolio] tech-abhikriti had no prize-winners (winners are often announced weeks after a hackathon ends)
10:54:05 INFO    [devfolio] trikon-1 sweep 1 (size=200): 3 unique of 3 reported
10:54:05 INFO    [devfolio] 1130 trikon-1 -> 5358 stored so far
10:54:06 INFO    [devfolio] datanexus sweep 1 (size=200): 0 unique of 0 reported
10:54:06 INFO    [devfolio] 1131 datanexus -> 5358 stored so far
10:54:06 INFO    [devfolio] datanexus had no prize-winners (winners are often announced weeks after a hackathon ends)
10:54:07 INFO    [devfolio] hackhub-ideathon-2 sweep 1 (size=200): 0 unique of 0 reported
10:54:07 INFO    [devfolio] 1132 hackhub-ideathon-2 -> 5358 stored so far
10:54:07 INFO    [devfolio] hackhub-ideathon-2 had no prize-winners (winners are often announced weeks after a hackathon ends)
10:54:08 INFO    [devfolio] hackthespring sweep 1 (size=200): 0 unique of 0 reported
10:54:08 INFO    [devfolio] 1133 hackthespring -> 5358 stored so far
10:54:08 INFO    [devfolio] hackthespring had no prize-winners (winners are often announced weeks after a hackathon ends)
10:54:11 INFO    [devfolio] codeslushh sweep 1 (size=200): 3 unique of 3 reported
10:54:12 INFO    [devfolio] 1134 codeslushh -> 5361 stored so far
10:54:13 INFO    [devfolio] hack-synthesis sweep 1 (size=200): 3 unique of 3 reported
10:54:14 INFO    [devfolio] 1135 hack-synthesis -> 5364 stored so far
10:54:15 INFO    [devfolio] syrus-is-back sweep 1 (size=200): 0 unique of 0 reported
10:54:15 INFO    [devfolio] 1136 syrus-is-back -> 5364 stored so far
10:54:15 INFO    [devfolio] syrus-is-back had no prize-winners (winners are often announced weeks after a hackathon ends)
10:54:16 INFO    [devfolio] ace-hacks-1 sweep 1 (size=200): 0 unique of 0 reported
10:54:16 INFO    [devfolio] 1137 ace-hacks-1 -> 5364 stored so far
10:54:16 INFO    [devfolio] ace-hacks-1 had no prize-winners (winners are often announced weeks after a hackathon ends)
10:54:17 INFO    [devfolio] counterspell-bengaluru sweep 1 (size=200): 0 unique of 0 reported
10:54:17 INFO    [devfolio] 1138 counterspell-bengaluru -> 5364 stored so far
10:54:17 INFO    [devfolio] counterspell-bengaluru had no prize-winners (winners are often announced weeks after a hackathon ends)
10:54:18 INFO    [devfolio] peak-hackathon sweep 1 (size=200): 0 unique of 0 reported
10:54:18 INFO    [devfolio] 1139 peak-hackathon -> 5364 stored so far
10:54:18 INFO    [devfolio] peak-hackathon had no prize-winners (winners are often announced weeks after a hackathon ends)
10:54:20 INFO    [devfolio] caffeine-and-code sweep 1 (size=200): 0 unique of 0 reported
10:54:20 INFO    [devfolio] 1140 caffeine-and-code -> 5364 stored so far
10:54:20 INFO    [devfolio] caffeine-and-code had no prize-winners (winners are often announced weeks after a hackathon ends)
10:54:21 INFO    [devfolio] lxdao-hackathon-ai sweep 1 (size=200): 0 unique of 0 reported
10:54:21 INFO    [devfolio] 1141 lxdao-hackathon-ai -> 5364 stored so far
10:54:21 INFO    [devfolio] lxdao-hackathon-ai had no prize-winners (winners are often announced weeks after a hackathon ends)
10:54:22 INFO    [devfolio] hack-srm24 sweep 1 (size=200): 0 unique of 0 reported
10:54:22 INFO    [devfolio] 1142 hack-srm24 -> 5364 stored so far
10:54:22 INFO    [devfolio] hack-srm24 had no prize-winners (winners are often announced weeks after a hackathon ends)
10:54:23 INFO    [devfolio] hacknitr6 sweep 1 (size=200): 0 unique of 0 reported
10:54:23 INFO    [devfolio] 1143 hacknitr6 -> 5364 stored so far
10:54:23 INFO    [devfolio] hacknitr6 had no prize-winners (winners are often announced weeks after a hackathon ends)
10:54:24 INFO    [devfolio] nexgen-2 sweep 1 (size=200): 0 unique of 0 reported
10:54:24 INFO    [devfolio] 1144 nexgen-2 -> 5364 stored so far
10:54:24 INFO    [devfolio] nexgen-2 had no prize-winners (winners are often announced weeks after a hackathon ends)
10:54:25 INFO    [devfolio] define-2 sweep 1 (size=200): 0 unique of 0 reported
10:54:25 INFO    [devfolio] 1145 define-2 -> 5364 stored so far
10:54:25 INFO    [devfolio] define-2 had no prize-winners (winners are often announced weeks after a hackathon ends)
10:54:26 INFO    [devfolio] seekhothon sweep 1 (size=200): 0 unique of 0 reported
10:54:26 INFO    [devfolio] 1146 seekhothon -> 5364 stored so far
10:54:26 INFO    [devfolio] seekhothon had no prize-winners (winners are often announced weeks after a hackathon ends)
10:54:27 INFO    [devfolio] hackniche-3 sweep 1 (size=200): 0 unique of 0 reported
10:54:27 INFO    [devfolio] 1147 hackniche-3 -> 5364 stored so far
10:54:27 INFO    [devfolio] hackniche-3 had no prize-winners (winners are often announced weeks after a hackathon ends)
10:54:30 INFO    [devfolio] wiegnite2025 sweep 1 (size=200): 5 unique of 5 reported
10:54:30 INFO    [devfolio] 1148 wiegnite2025 -> 5369 stored so far
10:54:32 INFO    [devfolio] hacklipse4 sweep 1 (size=200): 5 unique of 5 reported
10:54:33 INFO    [devfolio] 1149 hacklipse4 -> 5374 stored so far
10:54:34 INFO    [devfolio] march-mania-2 sweep 1 (size=200): 0 unique of 0 reported
10:54:34 INFO    [devfolio] 1150 march-mania-2 -> 5374 stored so far
10:54:34 INFO    [devfolio] march-mania-2 had no prize-winners (winners are often announced weeks after a hackathon ends)
10:54:35 INFO    [devfolio] makeathon-7 sweep 1 (size=200): 0 unique of 0 reported
10:54:35 INFO    [devfolio] 1151 makeathon-7 -> 5374 stored so far
10:54:35 INFO    [devfolio] makeathon-7 had no prize-winners (winners are often announced weeks after a hackathon ends)
10:54:37 INFO    [devfolio] hackfortomorrow2024 sweep 1 (size=200): 3 unique of 3 reported
10:54:37 INFO    [devfolio] 1152 hackfortomorrow2024 -> 5377 stored so far
10:54:38 INFO    [devfolio] hackatron-k sweep 1 (size=200): 0 unique of 0 reported
10:54:38 INFO    [devfolio] 1153 hackatron-k -> 5377 stored so far
10:54:38 INFO    [devfolio] hackatron-k had no prize-winners (winners are often announced weeks after a hackathon ends)
10:54:41 INFO    [devfolio] hackspire-1 sweep 1 (size=200): 6 unique of 6 reported
10:54:41 INFO    [devfolio] 1154 hackspire-1 -> 5383 stored so far
10:54:43 INFO    [devfolio] socialwinterofcode sweep 1 (size=200): 3 unique of 3 reported
10:54:44 INFO    [devfolio] 1155 socialwinterofcode -> 5386 stored so far
10:54:45 INFO    [devfolio] codemanipal sweep 1 (size=200): 0 unique of 0 reported
10:54:45 INFO    [devfolio] 1156 codemanipal -> 5386 stored so far
10:54:45 INFO    [devfolio] codemanipal had no prize-winners (winners are often announced weeks after a hackathon ends)
10:54:47 INFO    [devfolio] devhack2023 sweep 1 (size=200): 2 unique of 2 reported
10:54:48 INFO    [devfolio] 1157 devhack2023 -> 5388 stored so far
10:54:48 INFO    [devfolio] sankalp101 sweep 1 (size=200): 0 unique of 0 reported
10:54:48 INFO    [devfolio] 1158 sankalp101 -> 5388 stored so far
10:54:48 INFO    [devfolio] sankalp101 had no prize-winners (winners are often announced weeks after a hackathon ends)
10:54:49 INFO    [devfolio] hackandchill-1 sweep 1 (size=200): 0 unique of 0 reported
10:54:49 INFO    [devfolio] 1159 hackandchill-1 -> 5388 stored so far
10:54:49 INFO    [devfolio] hackandchill-1 had no prize-winners (winners are often announced weeks after a hackathon ends)
10:54:50 INFO    [devfolio] hushh-x-dav-club-personal-data-agent-hackathon sweep 1 (size=200): 0 unique of 0 reported
10:54:50 INFO    [devfolio] 1160 hushh-x-dav-club-personal-data-agent-hackathon -> 5388 stored so far
10:54:50 INFO    [devfolio] hushh-x-dav-club-personal-data-agent-hackathon had no prize-winners (winners are often announced weeks after a hackathon ends)
10:54:52 INFO    [devfolio] hack-genesis-25 sweep 1 (size=200): 0 unique of 0 reported
10:54:52 INFO    [devfolio] 1161 hack-genesis-25 -> 5388 stored so far
10:54:52 INFO    [devfolio] hack-genesis-25 had no prize-winners (winners are often announced weeks after a hackathon ends)
10:54:53 INFO    [devfolio] hack4maharashtra sweep 1 (size=200): 0 unique of 0 reported
10:54:53 INFO    [devfolio] 1162 hack4maharashtra -> 5388 stored so far
10:54:53 INFO    [devfolio] hack4maharashtra had no prize-winners (winners are often announced weeks after a hackathon ends)
10:54:54 INFO    [devfolio] smf-smart-makeathon sweep 1 (size=200): 0 unique of 0 reported
10:54:54 INFO    [devfolio] 1163 smf-smart-makeathon -> 5388 stored so far
10:54:54 INFO    [devfolio] smf-smart-makeathon had no prize-winners (winners are often announced weeks after a hackathon ends)
10:54:55 INFO    [devfolio] nasa-space-apps-gzb sweep 1 (size=200): 0 unique of 0 reported
10:54:56 INFO    [devfolio] 1164 nasa-space-apps-gzb -> 5388 stored so far
10:54:56 INFO    [devfolio] nasa-space-apps-gzb had no prize-winners (winners are often announced weeks after a hackathon ends)
10:54:57 INFO    [devfolio] hack25 sweep 1 (size=200): 0 unique of 0 reported
10:54:57 INFO    [devfolio] 1165 hack25 -> 5388 stored so far
10:54:57 INFO    [devfolio] hack25 had no prize-winners (winners are often announced weeks after a hackathon ends)
10:54:58 INFO    [devfolio] innoventrix-mr sweep 1 (size=200): 0 unique of 0 reported
10:54:58 INFO    [devfolio] 1166 innoventrix-mr -> 5388 stored so far
10:54:58 INFO    [devfolio] innoventrix-mr had no prize-winners (winners are often announced weeks after a hackathon ends)
10:55:01 INFO    [devfolio] codeutsava-9 sweep 1 (size=200): 6 unique of 6 reported
10:55:01 INFO    [devfolio] 1167 codeutsava-9 -> 5394 stored so far
10:55:02 INFO    [devfolio] hack-a-cure sweep 1 (size=200): 0 unique of 0 reported
10:55:02 INFO    [devfolio] 1168 hack-a-cure -> 5394 stored so far
10:55:02 INFO    [devfolio] hack-a-cure had no prize-winners (winners are often announced weeks after a hackathon ends)
10:55:03 INFO    [devfolio] mahiber-connect-hackathon sweep 1 (size=200): 0 unique of 0 reported
10:55:03 INFO    [devfolio] 1169 mahiber-connect-hackathon -> 5394 stored so far
10:55:03 INFO    [devfolio] mahiber-connect-hackathon had no prize-winners (winners are often announced weeks after a hackathon ends)
10:55:04 INFO    [devfolio] devfolio-student-hackathon-grants sweep 1 (size=200): 0 unique of 0 reported
10:55:04 INFO    [devfolio] 1170 devfolio-student-hackathon-grants -> 5394 stored so far
10:55:04 INFO    [devfolio] devfolio-student-hackathon-grants had no prize-winners (winners are often announced weeks after a hackathon ends)
10:55:05 INFO    [devfolio] knowcode sweep 1 (size=200): 0 unique of 0 reported
10:55:05 INFO    [devfolio] 1171 knowcode -> 5394 stored so far
10:55:05 INFO    [devfolio] knowcode had no prize-winners (winners are often announced weeks after a hackathon ends)
10:55:06 INFO    [devfolio] knowcode-2 sweep 1 (size=200): 0 unique of 0 reported
10:55:06 INFO    [devfolio] 1172 knowcode-2 -> 5394 stored so far
10:55:06 INFO    [devfolio] knowcode-2 had no prize-winners (winners are often announced weeks after a hackathon ends)
10:55:08 INFO    [devfolio] hack4brahmaputra sweep 1 (size=200): 0 unique of 0 reported
10:55:08 INFO    [devfolio] 1173 hack4brahmaputra -> 5394 stored so far
10:55:08 INFO    [devfolio] hack4brahmaputra had no prize-winners (winners are often announced weeks after a hackathon ends)
10:55:09 INFO    [devfolio] tcu-hack-verse sweep 1 (size=200): 0 unique of 0 reported
10:55:09 INFO    [devfolio] 1174 tcu-hack-verse -> 5394 stored so far
10:55:09 INFO    [devfolio] tcu-hack-verse had no prize-winners (winners are often announced weeks after a hackathon ends)
10:55:10 INFO    [devfolio] weekendofcode2k26 sweep 1 (size=200): 0 unique of 0 reported
10:55:10 INFO    [devfolio] 1175 weekendofcode2k26 -> 5394 stored so far
10:55:10 INFO    [devfolio] weekendofcode2k26 had no prize-winners (winners are often announced weeks after a hackathon ends)
10:55:11 INFO    [devfolio] codextki sweep 1 (size=200): 0 unique of 0 reported
10:55:11 INFO    [devfolio] 1176 codextki -> 5394 stored so far
10:55:11 INFO    [devfolio] codextki had no prize-winners (winners are often announced weeks after a hackathon ends)
10:55:14 INFO    [devfolio] nmithacks25 sweep 1 (size=200): 9 unique of 9 reported
10:55:14 INFO    [devfolio] 1177 nmithacks25 -> 5403 stored so far
10:55:15 INFO    [devfolio] kvgce-hackwise sweep 1 (size=200): 0 unique of 0 reported
10:55:15 INFO    [devfolio] 1178 kvgce-hackwise -> 5403 stored so far
10:55:15 INFO    [devfolio] kvgce-hackwise had no prize-winners (winners are often announced weeks after a hackathon ends)
10:55:17 INFO    [devfolio] nitdgp-hacks sweep 1 (size=200): 4 unique of 4 reported
10:55:17 INFO    [devfolio] 1179 nitdgp-hacks -> 5407 stored so far
10:55:20 INFO    [devfolio] technohack sweep 1 (size=200): 3 unique of 3 reported
10:55:20 INFO    [devfolio] 1180 technohack -> 5410 stored so far
10:55:21 INFO    [devfolio] reboost sweep 1 (size=200): 0 unique of 0 reported
10:55:21 INFO    [devfolio] 1181 reboost -> 5410 stored so far
10:55:21 INFO    [devfolio] reboost had no prize-winners (winners are often announced weeks after a hackathon ends)
10:55:22 INFO    [devfolio] unscript-rookies-hackathon-2020 sweep 1 (size=200): 0 unique of 0 reported
10:55:22 INFO    [devfolio] 1182 unscript-rookies-hackathon-2020 -> 5410 stored so far
10:55:22 INFO    [devfolio] unscript-rookies-hackathon-2020 had no prize-winners (winners are often announced weeks after a hackathon ends)
10:55:24 INFO    [devfolio] codeoffduty sweep 1 (size=200): 23 unique of 23 reported
10:55:30 INFO    [devfolio] 1183 codeoffduty -> 5433 stored so far
10:55:31 INFO    [devfolio] inout2020 sweep 1 (size=200): 8 unique of 8 reported
10:55:32 INFO    [devfolio] 1184 inout2020 -> 5441 stored so far
10:55:34 INFO    [devfolio] srm-builds4 sweep 1 (size=200): 1 unique of 1 reported
10:55:34 INFO    [devfolio] 1185 srm-builds4 -> 5442 stored so far
10:55:35 INFO    [devfolio] innovatensut sweep 1 (size=200): 0 unique of 0 reported
10:55:35 INFO    [devfolio] 1186 innovatensut -> 5442 stored so far
10:55:35 INFO    [devfolio] innovatensut had no prize-winners (winners are often announced weeks after a hackathon ends)
10:55:37 INFO    [devfolio] ftx-hackathon sweep 1 (size=200): 3 unique of 3 reported
10:55:37 INFO    [devfolio] 1187 ftx-hackathon -> 5445 stored so far
10:55:38 INFO    [devfolio] hackbash sweep 1 (size=200): 0 unique of 0 reported
10:55:38 INFO    [devfolio] 1188 hackbash -> 5445 stored so far
10:55:38 INFO    [devfolio] hackbash had no prize-winners (winners are often announced weeks after a hackathon ends)
10:55:41 INFO    [devfolio] hackbmu-3 sweep 1 (size=200): 18 unique of 18 reported
10:55:42 INFO    [devfolio] 1189 hackbmu-3 -> 5463 stored so far
10:55:43 INFO    [devfolio] mit-bitcoin-expo-hackathon sweep 1 (size=200): 1 unique of 1 reported
10:55:43 INFO    [devfolio] 1190 mit-bitcoin-expo-hackathon -> 5464 stored so far
10:55:45 INFO    [devfolio] polkadot-buildathon sweep 1 (size=200): 3 unique of 3 reported
10:55:46 INFO    [devfolio] 1191 polkadot-buildathon -> 5467 stored so far
10:55:48 INFO    [devfolio] tezasia sweep 1 (size=200): 5 unique of 5 reported
10:55:48 INFO    [devfolio] 1192 tezasia -> 5472 stored so far
10:55:49 INFO    [devfolio] plenty-global-hackathon sweep 1 (size=200): 0 unique of 0 reported
10:55:49 INFO    [devfolio] 1193 plenty-global-hackathon -> 5472 stored so far
10:55:49 INFO    [devfolio] plenty-global-hackathon had no prize-winners (winners are often announced weeks after a hackathon ends)
10:55:51 INFO    [devfolio] unscript-rookies-hackathon-k sweep 1 (size=200): 3 unique of 3 reported
10:55:52 INFO    [devfolio] 1194 unscript-rookies-hackathon-k -> 5475 stored so far
10:55:52 INFO    [devfolio] omi sweep 1 (size=200): 0 unique of 0 reported
10:55:52 INFO    [devfolio] 1195 omi -> 5475 stored so far
10:55:52 INFO    [devfolio] omi had no prize-winners (winners are often announced weeks after a hackathon ends)
10:55:54 INFO    [devfolio] tinkerquest-25 sweep 1 (size=200): 0 unique of 0 reported
10:55:54 INFO    [devfolio] 1196 tinkerquest-25 -> 5475 stored so far
10:55:54 INFO    [devfolio] tinkerquest-25 had no prize-winners (winners are often announced weeks after a hackathon ends)
10:55:56 INFO    [devfolio] hackformers sweep 1 (size=200): 3 unique of 3 reported
10:55:59 INFO    [devfolio] 1197 hackformers -> 5478 stored so far
10:55:59 INFO    [devfolio] innovathon-dtu sweep 1 (size=200): 0 unique of 0 reported
10:55:59 INFO    [devfolio] 1198 innovathon-dtu -> 5478 stored so far
10:55:59 INFO    [devfolio] innovathon-dtu had no prize-winners (winners are often announced weeks after a hackathon ends)
10:56:01 INFO    [devfolio] swoc sweep 1 (size=200): 19 unique of 19 reported
10:56:02 INFO    [devfolio] 1199 swoc -> 5497 stored so far
10:56:04 INFO    [devfolio] indiatourbangalore sweep 1 (size=200): 15 unique of 15 reported
10:56:05 INFO    [devfolio] 1200 indiatourbangalore -> 5512 stored so far
10:56:08 INFO    [devfolio] codevalds sweep 1 (size=200): 3 unique of 3 reported
10:56:08 INFO    [devfolio] 1201 codevalds -> 5515 stored so far
10:56:11 INFO    [devfolio] inspiron23 sweep 1 (size=200): 8 unique of 8 reported
10:56:11 INFO    [devfolio] 1202 inspiron23 -> 5523 stored so far
10:56:13 INFO    [devfolio] hacklipse3 sweep 1 (size=200): 12 unique of 12 reported
10:56:17 INFO    [devfolio] 1203 hacklipse3 -> 5535 stored so far
10:56:24 INFO    [devfolio] hack-web3conf-23 sweep 1 (size=200): 147 unique of 147 reported
10:56:29 INFO    [devfolio] 1204 hack-web3conf-23 -> 5682 stored so far
10:56:30 INFO    [devfolio] cad-2 sweep 1 (size=200): 3 unique of 3 reported
10:56:31 INFO    [devfolio] 1205 cad-2 -> 5685 stored so far
10:56:33 INFO    [devfolio] devmatch-hackathon sweep 1 (size=200): 22 unique of 22 reported
10:56:35 INFO    [devfolio] 1206 devmatch-hackathon -> 5707 stored so far
10:56:36 INFO    [devfolio] web3-hackfest sweep 1 (size=200): 12 unique of 12 reported
10:56:40 INFO    [devfolio] 1207 web3-hackfest -> 5719 stored so far
10:56:41 INFO    [devfolio] rns-hackoverflow sweep 1 (size=200): 9 unique of 9 reported
10:56:43 INFO    [devfolio] 1208 rns-hackoverflow -> 5728 stored so far
10:56:43 INFO    [devfolio] worthy-hack-23 sweep 1 (size=200): 0 unique of 0 reported
10:56:43 INFO    [devfolio] 1209 worthy-hack-23 -> 5728 stored so far
10:56:43 INFO    [devfolio] worthy-hack-23 had no prize-winners (winners are often announced weeks after a hackathon ends)
10:56:46 INFO    [devfolio] hack-buidl-vietnam sweep 1 (size=200): 6 unique of 6 reported
10:56:46 INFO    [devfolio] 1210 hack-buidl-vietnam -> 5734 stored so far
10:56:47 INFO    [devfolio] design-genai-hackathon sweep 1 (size=200): 0 unique of 0 reported
10:56:47 INFO    [devfolio] 1211 design-genai-hackathon -> 5734 stored so far
10:56:47 INFO    [devfolio] design-genai-hackathon had no prize-winners (winners are often announced weeks after a hackathon ends)
10:56:48 INFO    [devfolio] start-a-thon1 sweep 1 (size=200): 0 unique of 0 reported
10:56:48 INFO    [devfolio] 1212 start-a-thon1 -> 5734 stored so far
10:56:48 INFO    [devfolio] start-a-thon1 had no prize-winners (winners are often announced weeks after a hackathon ends)
10:56:50 INFO    [devfolio] hackdotslash sweep 1 (size=200): 8 unique of 8 reported
10:56:51 INFO    [devfolio] 1213 hackdotslash -> 5742 stored so far
10:56:51 INFO    [devfolio] hackuiet sweep 1 (size=200): 0 unique of 0 reported
10:56:51 INFO    [devfolio] 1214 hackuiet -> 5742 stored so far
10:56:51 INFO    [devfolio] hackuiet had no prize-winners (winners are often announced weeks after a hackathon ends)
10:56:52 INFO    [devfolio] devfest-3 sweep 1 (size=200): 0 unique of 0 reported
10:56:52 INFO    [devfolio] 1215 devfest-3 -> 5742 stored so far
10:56:52 INFO    [devfolio] devfest-3 had no prize-winners (winners are often announced weeks after a hackathon ends)
10:56:54 INFO    [devfolio] dev-script sweep 1 (size=200): 0 unique of 0 reported
10:56:54 INFO    [devfolio] 1216 dev-script -> 5742 stored so far
10:56:54 INFO    [devfolio] dev-script had no prize-winners (winners are often announced weeks after a hackathon ends)
10:56:55 INFO    [devfolio] bug-byte-league sweep 1 (size=200): 0 unique of 0 reported
10:56:55 INFO    [devfolio] 1217 bug-byte-league -> 5742 stored so far
10:56:55 INFO    [devfolio] bug-byte-league had no prize-winners (winners are often announced weeks after a hackathon ends)
10:56:56 INFO    [devfolio] code-crafters sweep 1 (size=200): 0 unique of 0 reported
10:56:56 INFO    [devfolio] 1218 code-crafters -> 5742 stored so far
10:56:56 INFO    [devfolio] code-crafters had no prize-winners (winners are often announced weeks after a hackathon ends)
10:56:57 INFO    [devfolio] beam-hackathon sweep 1 (size=200): 0 unique of 0 reported
10:56:57 INFO    [devfolio] 1219 beam-hackathon -> 5742 stored so far
10:56:57 INFO    [devfolio] beam-hackathon had no prize-winners (winners are often announced weeks after a hackathon ends)
10:56:58 INFO    [devfolio] aptos-winter-school sweep 1 (size=200): 0 unique of 0 reported
10:56:58 INFO    [devfolio] 1220 aptos-winter-school -> 5742 stored so far
10:56:58 INFO    [devfolio] aptos-winter-school had no prize-winners (winners are often announced weeks after a hackathon ends)
10:57:00 INFO    [devfolio] rebuild-ownership-internet-privacy sweep 1 (size=200): 0 unique of 0 reported
10:57:00 INFO    [devfolio] 1221 rebuild-ownership-internet-privacy -> 5742 stored so far
10:57:00 INFO    [devfolio] rebuild-ownership-internet-privacy had no prize-winners (winners are often announced weeks after a hackathon ends)
10:57:01 INFO    [devfolio] devfusion sweep 1 (size=200): 0 unique of 0 reported
10:57:01 INFO    [devfolio] 1222 devfusion -> 5742 stored so far
10:57:01 INFO    [devfolio] devfusion had no prize-winners (winners are often announced weeks after a hackathon ends)
10:57:02 INFO    [devfolio] innerve-eight sweep 1 (size=200): 0 unique of 0 reported
10:57:02 INFO    [devfolio] 1223 innerve-eight -> 5742 stored so far
10:57:02 INFO    [devfolio] innerve-eight had no prize-winners (winners are often announced weeks after a hackathon ends)
10:57:03 INFO    [devfolio] zenith4-0 sweep 1 (size=200): 0 unique of 0 reported
10:57:03 INFO    [devfolio] 1224 zenith4-0 -> 5742 stored so far
10:57:03 INFO    [devfolio] zenith4-0 had no prize-winners (winners are often announced weeks after a hackathon ends)
10:57:06 INFO    [devfolio] hackasol-2024 sweep 1 (size=200): 6 unique of 6 reported
10:57:07 INFO    [devfolio] 1225 hackasol-2024 -> 5748 stored so far
10:57:09 INFO    [devfolio] parsec sweep 1 (size=200): 9 unique of 9 reported
10:57:10 INFO    [devfolio] 1226 parsec -> 5757 stored so far
10:57:11 INFO    [devfolio] rebase01 sweep 1 (size=200): 8 unique of 8 reported
10:57:15 INFO    [devfolio] 1227 rebase01 -> 5765 stored so far
10:57:15 INFO    [devfolio] agnethonfcrit sweep 1 (size=200): 0 unique of 0 reported
10:57:15 INFO    [devfolio] 1228 agnethonfcrit -> 5765 stored so far
10:57:15 INFO    [devfolio] agnethonfcrit had no prize-winners (winners are often announced weeks after a hackathon ends)
10:57:18 INFO    [devfolio] codelite sweep 1 (size=200): 4 unique of 4 reported
10:57:18 INFO    [devfolio] 1229 codelite -> 5769 stored so far
10:57:19 INFO    [devfolio] aeternity-unihack sweep 1 (size=200): 0 unique of 0 reported
10:57:19 INFO    [devfolio] 1230 aeternity-unihack -> 5769 stored so far
10:57:19 INFO    [devfolio] aeternity-unihack had no prize-winners (winners are often announced weeks after a hackathon ends)
10:57:22 INFO    [devfolio] codeshastra-x sweep 1 (size=200): 4 unique of 4 reported
10:57:22 INFO    [devfolio] 1231 codeshastra-x -> 5773 stored so far
10:57:23 INFO    [devfolio] glb-hackathon-o sweep 1 (size=200): 0 unique of 0 reported
10:57:23 INFO    [devfolio] 1232 glb-hackathon-o -> 5773 stored so far
10:57:23 INFO    [devfolio] glb-hackathon-o had no prize-winners (winners are often announced weeks after a hackathon ends)
10:57:24 INFO    [devfolio] innovatex-3 sweep 1 (size=200): 0 unique of 0 reported
10:57:24 INFO    [devfolio] 1233 innovatex-3 -> 5773 stored so far
10:57:24 INFO    [devfolio] innovatex-3 had no prize-winners (winners are often announced weeks after a hackathon ends)
10:57:25 INFO    [devfolio] diamante-net-hackathon sweep 1 (size=200): 0 unique of 0 reported
10:57:25 INFO    [devfolio] 1234 diamante-net-hackathon -> 5773 stored so far
10:57:25 INFO    [devfolio] diamante-net-hackathon had no prize-winners (winners are often announced weeks after a hackathon ends)
10:57:26 INFO    [devfolio] ace-of-hacks sweep 1 (size=200): 0 unique of 0 reported
10:57:26 INFO    [devfolio] 1235 ace-of-hacks -> 5773 stored so far
10:57:26 INFO    [devfolio] ace-of-hacks had no prize-winners (winners are often announced weeks after a hackathon ends)
10:57:29 INFO    [devfolio] statuscode0 sweep 1 (size=200): 12 unique of 12 reported
10:57:31 INFO    [devfolio] 1236 statuscode0 -> 5785 stored so far
10:57:31 INFO    [devfolio] hackthespace-1 sweep 1 (size=200): 0 unique of 0 reported
10:57:31 INFO    [devfolio] 1237 hackthespace-1 -> 5785 stored so far
10:57:31 INFO    [devfolio] hackthespace-1 had no prize-winners (winners are often announced weeks after a hackathon ends)
10:57:33 INFO    [devfolio] tsec-hacks-2025 sweep 1 (size=200): 4 unique of 4 reported
10:57:33 INFO    [devfolio] 1238 tsec-hacks-2025 -> 5789 stored so far
10:57:36 INFO    [devfolio] hackbioheritage sweep 1 (size=200): 6 unique of 6 reported
10:57:36 INFO    [devfolio] 1239 hackbioheritage -> 5795 stored so far
10:57:38 INFO    [devfolio] code-cubicle sweep 1 (size=200): 3 unique of 3 reported
10:57:38 INFO    [devfolio] 1240 code-cubicle -> 5798 stored so far
10:57:41 INFO    [devfolio] bitflip sweep 1 (size=200): 4 unique of 4 reported
10:57:42 INFO    [devfolio] 1241 bitflip -> 5802 stored so far
10:57:44 INFO    [devfolio] hackoffv3 sweep 1 (size=200): 13 unique of 13 reported
10:57:44 INFO    [devfolio] 1242 hackoffv3 -> 5815 stored so far
10:57:46 INFO    [devfolio] bitbox sweep 1 (size=200): 11 unique of 11 reported
10:57:47 INFO    [devfolio] 1243 bitbox -> 5826 stored so far
10:57:48 INFO    [devfolio] hackgujarat sweep 1 (size=200): 0 unique of 0 reported
10:57:48 INFO    [devfolio] 1244 hackgujarat -> 5826 stored so far
10:57:48 INFO    [devfolio] hackgujarat had no prize-winners (winners are often announced weeks after a hackathon ends)
10:57:50 INFO    [devfolio] makeathon3077 sweep 1 (size=200): 10 unique of 10 reported
10:57:51 INFO    [devfolio] 1245 makeathon3077 -> 5836 stored so far
10:57:53 INFO    [devfolio] hacktrix sweep 1 (size=200): 10 unique of 10 reported
10:57:54 INFO    [devfolio] 1246 hacktrix -> 5846 stored so far
10:57:54 INFO    [devfolio] hackedcode sweep 1 (size=200): 0 unique of 0 reported
10:57:54 INFO    [devfolio] 1247 hackedcode -> 5846 stored so far
10:57:54 INFO    [devfolio] hackedcode had no prize-winners (winners are often announced weeks after a hackathon ends)
10:57:56 INFO    [devfolio] quanthive sweep 1 (size=200): 58 unique of 58 reported
10:58:00 INFO    [devfolio] 1248 quanthive -> 5904 stored so far
10:58:02 INFO    [devfolio] uhack5 sweep 1 (size=200): 18 unique of 18 reported
10:58:03 INFO    [devfolio] 1249 uhack5 -> 5922 stored so far
10:58:05 INFO    [devfolio] engage-hackathon sweep 1 (size=200): 5 unique of 5 reported
10:58:05 INFO    [devfolio] 1250 engage-hackathon -> 5927 stored so far
10:58:08 INFO    [devfolio] devcation23 sweep 1 (size=200): 5 unique of 5 reported
10:58:08 INFO    [devfolio] 1251 devcation23 -> 5932 stored so far
10:58:10 INFO    [devfolio] hack36-v6 sweep 1 (size=200): 7 unique of 7 reported
10:58:10 INFO    [devfolio] 1252 hack36-v6 -> 5939 stored so far
10:58:11 INFO    [devfolio] hackaprenuer-2023 sweep 1 (size=200): 0 unique of 0 reported
10:58:11 INFO    [devfolio] 1253 hackaprenuer-2023 -> 5939 stored so far
10:58:11 INFO    [devfolio] hackaprenuer-2023 had no prize-winners (winners are often announced weeks after a hackathon ends)
10:58:13 INFO    [devfolio] hackverse5 sweep 1 (size=200): 11 unique of 11 reported
10:58:14 INFO    [devfolio] 1254 hackverse5 -> 5950 stored so far
10:58:15 INFO    [devfolio] innohacks-3 sweep 1 (size=200): 5 unique of 5 reported
10:58:16 INFO    [devfolio] 1255 innohacks-3 -> 5955 stored so far
10:58:18 INFO    [devfolio] hackbyte2 sweep 1 (size=200): 17 unique of 17 reported
10:58:18 INFO    [devfolio] 1256 hackbyte2 -> 5972 stored so far
10:58:20 INFO    [devfolio] jithack-24 sweep 1 (size=200): 3 unique of 3 reported
10:58:20 INFO    [devfolio] 1257 jithack-24 -> 5975 stored so far
10:58:23 INFO    [devfolio] its-a-hack sweep 1 (size=200): 4 unique of 4 reported
10:58:23 INFO    [devfolio] 1258 its-a-hack -> 5979 stored so far
10:58:24 INFO    [devfolio] hackwithmait5 sweep 1 (size=200): 0 unique of 0 reported
10:58:24 INFO    [devfolio] 1259 hackwithmait5 -> 5979 stored so far
10:58:24 INFO    [devfolio] hackwithmait5 had no prize-winners (winners are often announced weeks after a hackathon ends)
10:58:25 INFO    [devfolio] hackhustle sweep 1 (size=200): 0 unique of 0 reported
10:58:25 INFO    [devfolio] 1260 hackhustle -> 5979 stored so far
10:58:25 INFO    [devfolio] hackhustle had no prize-winners (winners are often announced weeks after a hackathon ends)
10:58:28 INFO    [devfolio] base-batch-india sweep 1 (size=200): 12 unique of 12 reported
10:58:29 INFO    [devfolio] 1261 base-batch-india -> 5991 stored so far
10:58:35 INFO    [devfolio] based-africa sweep 1 (size=200): 182 unique of 182 reported
10:58:40 INFO    [devfolio] 1262 based-africa -> 6173 stored so far
10:58:41 INFO    [devfolio] based-latam sweep 1 (size=200): 67 unique of 67 reported
10:58:45 INFO    [devfolio] 1263 based-latam -> 6240 stored so far
10:58:46 INFO    [devfolio] hackthisfall-virtual sweep 1 (size=200): 10 unique of 10 reported
10:58:46 INFO    [devfolio] 1264 hackthisfall-virtual -> 6250 stored so far
10:58:47 INFO    [devfolio] aida-ideaignite sweep 1 (size=200): 0 unique of 0 reported
10:58:47 INFO    [devfolio] 1265 aida-ideaignite -> 6250 stored so far
10:58:47 INFO    [devfolio] aida-ideaignite had no prize-winners (winners are often announced weeks after a hackathon ends)
10:58:50 INFO    [devfolio] hackonblocks sweep 1 (size=200): 11 unique of 11 reported
10:58:50 INFO    [devfolio] 1266 hackonblocks -> 6261 stored so far
10:58:51 INFO    [devfolio] quillcon-codequest sweep 1 (size=200): 0 unique of 0 reported
10:58:51 INFO    [devfolio] 1267 quillcon-codequest -> 6261 stored so far
10:58:51 INFO    [devfolio] quillcon-codequest had no prize-winners (winners are often announced weeks after a hackathon ends)
10:58:52 INFO    [devfolio] hacker-house-goa sweep 1 (size=200): 0 unique of 0 reported
10:58:52 INFO    [devfolio] 1268 hacker-house-goa -> 6261 stored so far
10:58:52 INFO    [devfolio] hacker-house-goa had no prize-winners (winners are often announced weeks after a hackathon ends)
10:58:54 INFO    [devfolio] zk-hack-montreal sweep 1 (size=200): 5 unique of 5 reported
10:58:54 INFO    [devfolio] 1269 zk-hack-montreal -> 6266 stored so far
10:58:57 INFO    [devfolio] theconception sweep 1 (size=200): 8 unique of 8 reported
10:58:57 INFO    [devfolio] 1270 theconception -> 6274 stored so far
10:58:59 INFO    [devfolio] devcon-hack sweep 1 (size=200): 3 unique of 3 reported
10:58:59 INFO    [devfolio] 1271 devcon-hack -> 6277 stored so far
10:59:01 INFO    [devfolio] yeah sweep 1 (size=200): 3 unique of 3 reported
10:59:01 INFO    [devfolio] 1272 yeah -> 6280 stored so far
10:59:04 INFO    [devfolio] hackiiitv2021 sweep 1 (size=200): 7 unique of 7 reported
10:59:04 INFO    [devfolio] 1273 hackiiitv2021 -> 6287 stored so far
10:59:07 INFO    [devfolio] break-the-shackles sweep 1 (size=200): 3 unique of 3 reported
10:59:07 INFO    [devfolio] 1274 break-the-shackles -> 6290 stored so far
10:59:09 INFO    [devfolio] the-engineer-hackathon sweep 1 (size=200): 4 unique of 4 reported
10:59:09 INFO    [devfolio] 1275 the-engineer-hackathon -> 6294 stored so far
10:59:11 INFO    [devfolio] codeutsava-5 sweep 1 (size=200): 8 unique of 8 reported
10:59:11 INFO    [devfolio] 1276 codeutsava-5 -> 6302 stored so far
10:59:13 INFO    [devfolio] syntaxerror2022 sweep 1 (size=200): 7 unique of 7 reported
10:59:13 INFO    [devfolio] 1277 syntaxerror2022 -> 6309 stored so far
10:59:15 INFO    [devfolio] hackfortomorrow sweep 1 (size=200): 3 unique of 3 reported
10:59:16 INFO    [devfolio] 1278 hackfortomorrow -> 6312 stored so far
10:59:18 INFO    [devfolio] unscript-rookies-hackathon-2k22 sweep 1 (size=200): 3 unique of 3 reported
10:59:18 INFO    [devfolio] 1279 unscript-rookies-hackathon-2k22 -> 6315 stored so far
10:59:20 INFO    [devfolio] dechack sweep 1 (size=200): 6 unique of 6 reported
10:59:21 INFO    [devfolio] 1280 dechack -> 6321 stored so far
10:59:23 INFO    [devfolio] waccinge sweep 1 (size=200): 3 unique of 3 reported
10:59:23 INFO    [devfolio] 1281 waccinge -> 6324 stored so far
10:59:25 INFO    [devfolio] muj-hacks sweep 1 (size=200): 7 unique of 7 reported
10:59:25 INFO    [devfolio] 1282 muj-hacks -> 6331 stored so far
10:59:28 INFO    [devfolio] npsihacks sweep 1 (size=200): 4 unique of 4 reported
10:59:28 INFO    [devfolio] 1283 npsihacks -> 6335 stored so far
10:59:30 INFO    [devfolio] holidayhacks sweep 1 (size=200): 5 unique of 5 reported
10:59:30 INFO    [devfolio] 1284 holidayhacks -> 6340 stored so far
10:59:32 INFO    [devfolio] bits-web3-week-hackathon sweep 1 (size=200): 3 unique of 3 reported
10:59:33 INFO    [devfolio] 1285 bits-web3-week-hackathon -> 6343 stored so far
10:59:35 INFO    [devfolio] bytesynergy sweep 1 (size=200): 12 unique of 12 reported
10:59:35 INFO    [devfolio] 1286 bytesynergy -> 6355 stored so far
10:59:36 INFO    [devfolio] execute sweep 1 (size=200): 0 unique of 0 reported
10:59:36 INFO    [devfolio] 1287 execute -> 6355 stored so far
10:59:36 INFO    [devfolio] execute had no prize-winners (winners are often announced weeks after a hackathon ends)
10:59:39 INFO    [devfolio] hackthemountains2 sweep 1 (size=200): 22 unique of 22 reported
10:59:39 INFO    [devfolio] 1288 hackthemountains2 -> 6377 stored so far
10:59:40 INFO    [devfolio] clash-of-codes sweep 1 (size=200): 0 unique of 0 reported
10:59:40 INFO    [devfolio] 1289 clash-of-codes -> 6377 stored so far
10:59:40 INFO    [devfolio] clash-of-codes had no prize-winners (winners are often announced weeks after a hackathon ends)
10:59:42 INFO    [devfolio] metamorph sweep 1 (size=200): 9 unique of 9 reported
10:59:42 INFO    [devfolio] 1290 metamorph -> 6386 stored so far
10:59:45 INFO    [devfolio] octant sweep 1 (size=200): 10 unique of 10 reported
10:59:45 INFO    [devfolio] 1291 octant -> 6396 stored so far
10:59:48 INFO    [devfolio] build-the-new-internet sweep 1 (size=200): 21 unique of 21 reported
10:59:48 INFO    [devfolio] 1292 build-the-new-internet -> 6417 stored so far
10:59:50 INFO    [devfolio] hackjklu-v4 sweep 1 (size=200): 2 unique of 2 reported
10:59:50 INFO    [devfolio] 1293 hackjklu-v4 -> 6419 stored so far
10:59:51 INFO    [devfolio] hackdotslash-8 sweep 1 (size=200): 0 unique of 0 reported
10:59:51 INFO    [devfolio] 1294 hackdotslash-8 -> 6419 stored so far
10:59:51 INFO    [devfolio] hackdotslash-8 had no prize-winners (winners are often announced weeks after a hackathon ends)
10:59:52 INFO    [devfolio] innovxchange sweep 1 (size=200): 0 unique of 0 reported
10:59:52 INFO    [devfolio] 1295 innovxchange -> 6419 stored so far
10:59:52 INFO    [devfolio] innovxchange had no prize-winners (winners are often announced weeks after a hackathon ends)
10:59:53 INFO    [devfolio] hacksagon-2025 sweep 1 (size=200): 0 unique of 0 reported
10:59:53 INFO    [devfolio] 1296 hacksagon-2025 -> 6419 stored so far
10:59:53 INFO    [devfolio] hacksagon-2025 had no prize-winners (winners are often announced weeks after a hackathon ends)
10:59:54 INFO    [devfolio] eth-salvador sweep 1 (size=200): 0 unique of 0 reported
10:59:54 INFO    [devfolio] 1297 eth-salvador -> 6419 stored so far
10:59:54 INFO    [devfolio] eth-salvador had no prize-winners (winners are often announced weeks after a hackathon ends)
10:59:55 INFO    [devfolio] hackhound2k25 sweep 1 (size=200): 0 unique of 0 reported
10:59:55 INFO    [devfolio] 1298 hackhound2k25 -> 6419 stored so far
10:59:55 INFO    [devfolio] hackhound2k25 had no prize-winners (winners are often announced weeks after a hackathon ends)
10:59:58 INFO    [devfolio] hacktu-6 sweep 1 (size=200): 5 unique of 5 reported
10:59:58 INFO    [devfolio] 1299 hacktu-6 -> 6424 stored so far
11:00:00 INFO    [devfolio] version-beta-5-15a3 sweep 1 (size=200): 2 unique of 2 reported
11:00:00 INFO    [devfolio] 1300 version-beta-5-15a3 -> 6426 stored so far
11:00:02 INFO    [devfolio] the-actually-open-ai-hackathon sweep 1 (size=200): 0 unique of 0 reported
11:00:02 INFO    [devfolio] 1301 the-actually-open-ai-hackathon -> 6426 stored so far
11:00:02 INFO    [devfolio] the-actually-open-ai-hackathon had no prize-winners (winners are often announced weeks after a hackathon ends)
11:00:03 INFO    [devfolio] ethwarsaw-hackathon-2024 sweep 1 (size=200): 0 unique of 0 reported
11:00:03 INFO    [devfolio] 1302 ethwarsaw-hackathon-2024 -> 6426 stored so far
11:00:03 INFO    [devfolio] ethwarsaw-hackathon-2024 had no prize-winners (winners are often announced weeks after a hackathon ends)
11:00:05 INFO    [devfolio] ethkl-24 sweep 1 (size=200): 49 unique of 49 reported
11:00:06 INFO    [devfolio] 1303 ethkl-24 -> 6475 stored so far
11:00:08 INFO    [devfolio] tinkhack-mec sweep 1 (size=200): 3 unique of 3 reported
11:00:08 INFO    [devfolio] 1304 tinkhack-mec -> 6478 stored so far
11:00:11 INFO    [devfolio] hacktropicatech sweep 1 (size=200): 3 unique of 3 reported
11:00:11 INFO    [devfolio] 1305 hacktropicatech -> 6481 stored so far
11:00:12 INFO    [devfolio] hack-1158 sweep 1 (size=200): 0 unique of 0 reported
11:00:12 INFO    [devfolio] 1306 hack-1158 -> 6481 stored so far
11:00:12 INFO    [devfolio] hack-1158 had no prize-winners (winners are often announced weeks after a hackathon ends)
11:00:15 INFO    [devfolio] hacknuthon6 sweep 1 (size=200): 18 unique of 18 reported
11:00:15 INFO    [devfolio] 1307 hacknuthon6 -> 6499 stored so far
11:00:17 INFO    [devfolio] hacknovate6 sweep 1 (size=200): 11 unique of 11 reported
11:00:17 INFO    [devfolio] 1308 hacknovate6 -> 6510 stored so far
11:00:18 INFO    [devfolio] hackbyte3 sweep 1 (size=200): 0 unique of 0 reported
11:00:18 INFO    [devfolio] 1309 hackbyte3 -> 6510 stored so far
11:00:18 INFO    [devfolio] hackbyte3 had no prize-winners (winners are often announced weeks after a hackathon ends)
11:00:20 INFO    [devfolio] cepheus sweep 1 (size=200): 1 unique of 1 reported
11:00:20 INFO    [devfolio] 1310 cepheus -> 6511 stored so far
11:00:21 INFO    [devfolio] hackprix-2025 sweep 1 (size=200): 0 unique of 0 reported
11:00:21 INFO    [devfolio] 1311 hackprix-2025 -> 6511 stored so far
11:00:21 INFO    [devfolio] hackprix-2025 had no prize-winners (winners are often announced weeks after a hackathon ends)
11:00:23 INFO    [devfolio] calcutta-lesshacksgreater sweep 1 (size=200): 0 unique of 0 reported
11:00:23 INFO    [devfolio] 1312 calcutta-lesshacksgreater -> 6511 stored so far
11:00:23 INFO    [devfolio] calcutta-lesshacksgreater had no prize-winners (winners are often announced weeks after a hackathon ends)
11:00:24 INFO    [devfolio] hackaura sweep 1 (size=200): 0 unique of 0 reported
11:00:24 INFO    [devfolio] 1313 hackaura -> 6511 stored so far
11:00:24 INFO    [devfolio] hackaura had no prize-winners (winners are often announced weeks after a hackathon ends)
11:00:25 INFO    [devfolio] mosaicbytpf sweep 1 (size=200): 0 unique of 0 reported
11:00:25 INFO    [devfolio] 1314 mosaicbytpf -> 6511 stored so far
11:00:25 INFO    [devfolio] mosaicbytpf had no prize-winners (winners are often announced weeks after a hackathon ends)
11:00:27 INFO    [devfolio] dsudevhack2 sweep 1 (size=200): 11 unique of 11 reported
11:00:28 INFO    [devfolio] 1315 dsudevhack2 -> 6522 stored so far
11:00:30 INFO    [devfolio] amuhacks-4 sweep 1 (size=200): 3 unique of 3 reported
11:00:31 INFO    [devfolio] 1316 amuhacks-4 -> 6525 stored so far
11:00:32 INFO    [devfolio] lisk-builders-challenge-3 sweep 1 (size=200): 10 unique of 10 reported
11:00:33 INFO    [devfolio] 1317 lisk-builders-challenge-3 -> 6535 stored so far
11:00:34 INFO    [devfolio] code-kalari sweep 1 (size=200): 0 unique of 0 reported
11:00:34 INFO    [devfolio] 1318 code-kalari -> 6535 stored so far
11:00:34 INFO    [devfolio] code-kalari had no prize-winners (winners are often announced weeks after a hackathon ends)
11:00:35 INFO    [devfolio] datathon-9 sweep 1 (size=200): 0 unique of 0 reported
11:00:35 INFO    [devfolio] 1319 datathon-9 -> 6535 stored so far
11:00:35 INFO    [devfolio] datathon-9 had no prize-winners (winners are often announced weeks after a hackathon ends)
11:00:36 INFO    [devfolio] knowcode-3 sweep 1 (size=200): 0 unique of 0 reported
11:00:36 INFO    [devfolio] 1320 knowcode-3 -> 6535 stored so far
11:00:36 INFO    [devfolio] knowcode-3 had no prize-winners (winners are often announced weeks after a hackathon ends)
11:00:37 INFO    [devfolio] glitchfiesta-2 sweep 1 (size=200): 0 unique of 0 reported
11:00:37 INFO    [devfolio] 1321 glitchfiesta-2 -> 6535 stored so far
11:00:37 INFO    [devfolio] glitchfiesta-2 had no prize-winners (winners are often announced weeks after a hackathon ends)
11:00:38 INFO    [devfolio] astrava sweep 1 (size=200): 0 unique of 0 reported
11:00:38 INFO    [devfolio] 1322 astrava -> 6535 stored so far
11:00:38 INFO    [devfolio] astrava had no prize-winners (winners are often announced weeks after a hackathon ends)
11:00:41 INFO    [devfolio] pay-load sweep 1 (size=200): 9 unique of 9 reported
11:00:41 INFO    [devfolio] 1323 pay-load -> 6544 stored so far
11:00:43 INFO    [devfolio] blocktrain sweep 1 (size=200): 6 unique of 6 reported
11:00:43 INFO    [devfolio] 1324 blocktrain -> 6550 stored so far
11:00:45 INFO    [devfolio] ghrhack2 sweep 1 (size=200): 0 unique of 0 reported
11:00:45 INFO    [devfolio] 1325 ghrhack2 -> 6550 stored so far
11:00:45 INFO    [devfolio] ghrhack2 had no prize-winners (winners are often announced weeks after a hackathon ends)
11:00:45 INFO    [devfolio] acem-hack sweep 1 (size=200): 0 unique of 0 reported
11:00:45 INFO    [devfolio] 1326 acem-hack -> 6550 stored so far
11:00:45 INFO    [devfolio] acem-hack had no prize-winners (winners are often announced weeks after a hackathon ends)
11:00:46 INFO    [devfolio] hackathena-26 sweep 1 (size=200): 0 unique of 0 reported
11:00:46 INFO    [devfolio] 1327 hackathena-26 -> 6550 stored so far
11:00:46 INFO    [devfolio] hackathena-26 had no prize-winners (winners are often announced weeks after a hackathon ends)
11:00:47 INFO    [devfolio] yudhya-26 sweep 1 (size=200): 0 unique of 0 reported
11:00:47 INFO    [devfolio] 1328 yudhya-26 -> 6550 stored so far
11:00:47 INFO    [devfolio] yudhya-26 had no prize-winners (winners are often announced weeks after a hackathon ends)
11:00:50 INFO    [devfolio] hacksecure-1461 sweep 1 (size=200): 12 unique of 12 reported
11:00:50 INFO    [devfolio] 1329 hacksecure-1461 -> 6562 stored so far
11:00:53 INFO    [devfolio] hack-technique2026 sweep 1 (size=200): 5 unique of 5 reported
11:00:53 INFO    [devfolio] 1330 hack-technique2026 -> 6567 stored so far
11:00:54 INFO    [devfolio] prince-protothon sweep 1 (size=200): 0 unique of 0 reported
11:00:54 INFO    [devfolio] 1331 prince-protothon -> 6567 stored so far
11:00:54 INFO    [devfolio] prince-protothon had no prize-winners (winners are often announced weeks after a hackathon ends)
11:00:55 INFO    [devfolio] binaryvtwo sweep 1 (size=200): 0 unique of 0 reported
11:00:55 INFO    [devfolio] 1332 binaryvtwo -> 6567 stored so far
11:00:55 INFO    [devfolio] binaryvtwo had no prize-winners (winners are often announced weeks after a hackathon ends)
11:00:58 INFO    [devfolio] ethmumbai2026 sweep 1 (size=200): 51 unique of 51 reported
11:00:59 INFO    [devfolio] 1333 ethmumbai2026 -> 6618 stored so far
11:00:59 INFO    [devfolio] hackjklu-v5 sweep 1 (size=200): 0 unique of 0 reported
11:00:59 INFO    [devfolio] 1334 hackjklu-v5 -> 6618 stored so far
11:00:59 INFO    [devfolio] hackjklu-v5 had no prize-winners (winners are often announced weeks after a hackathon ends)
11:01:00 INFO    [devfolio] dotslash-9 sweep 1 (size=200): 0 unique of 0 reported
11:01:00 INFO    [devfolio] 1335 dotslash-9 -> 6618 stored so far
11:01:00 INFO    [devfolio] dotslash-9 had no prize-winners (winners are often announced weeks after a hackathon ends)
11:01:01 INFO    [devfolio] stellaris sweep 1 (size=200): 0 unique of 0 reported
11:01:01 INFO    [devfolio] 1336 stellaris -> 6618 stored so far
11:01:01 INFO    [devfolio] stellaris had no prize-winners (winners are often announced weeks after a hackathon ends)
11:01:03 INFO    [devfolio] genai-hackathon-chandigarh-2025 sweep 1 (size=200): 0 unique of 0 reported
11:01:03 INFO    [devfolio] 1337 genai-hackathon-chandigarh-2025 -> 6618 stored so far
11:01:03 INFO    [devfolio] genai-hackathon-chandigarh-2025 had no prize-winners (winners are often announced weeks after a hackathon ends)
11:01:04 INFO    [devfolio] frosthacks-s-2 sweep 1 (size=200): 0 unique of 0 reported
11:01:04 INFO    [devfolio] 1338 frosthacks-s-2 -> 6618 stored so far
11:01:04 INFO    [devfolio] frosthacks-s-2 had no prize-winners (winners are often announced weeks after a hackathon ends)
11:01:05 INFO    [devfolio] hackbyte4 sweep 1 (size=200): 0 unique of 0 reported
11:01:05 INFO    [devfolio] 1339 hackbyte4 -> 6618 stored so far
11:01:05 INFO    [devfolio] hackbyte4 had no prize-winners (winners are often announced weeks after a hackathon ends)
11:01:06 INFO    [devfolio] hacknovate07 sweep 1 (size=200): 0 unique of 0 reported
11:01:06 INFO    [devfolio] 1340 hacknovate07 -> 6618 stored so far
11:01:06 INFO    [devfolio] hacknovate07 had no prize-winners (winners are often announced weeks after a hackathon ends)
11:01:07 INFO    [devfolio] athernex sweep 1 (size=200): 0 unique of 0 reported
11:01:07 INFO    [devfolio] 1341 athernex -> 6618 stored so far
11:01:07 INFO    [devfolio] athernex had no prize-winners (winners are often announced weeks after a hackathon ends)
11:01:09 INFO    [devfolio] push-to-prod sweep 1 (size=200): 3 unique of 3 reported
11:01:09 INFO    [devfolio] 1342 push-to-prod -> 6621 stored so far
11:01:12 INFO    [devfolio] susegad-sprint sweep 1 (size=200): 3 unique of 3 reported
11:01:12 INFO    [devfolio] 1343 susegad-sprint -> 6624 stored so far
11:01:13 INFO    [devfolio] base-batches-startup-track-3 sweep 1 (size=200): 0 unique of 0 reported
11:01:13 INFO    [devfolio] 1344 base-batches-startup-track-3 -> 6624 stored so far
11:01:13 INFO    [devfolio] base-batches-startup-track-3 had no prize-winners (winners are often announced weeks after a hackathon ends)
11:01:16 INFO    [devfolio] hackolution2k26 sweep 1 (size=200): 0 unique of 0 reported
11:01:16 INFO    [devfolio] 1345 hackolution2k26 -> 6624 stored so far
11:01:16 INFO    [devfolio] hackolution2k26 had no prize-winners (winners are often announced weeks after a hackathon ends)
11:01:17 INFO    [devfolio] microcraft-vibeathon sweep 1 (size=200): 3 unique of 3 reported
11:01:17 INFO    [devfolio] 1346 microcraft-vibeathon -> 6627 stored so far
11:01:20 INFO    [devfolio] paygentic-week1 sweep 1 (size=200): 3 unique of 3 reported
11:01:21 INFO    [devfolio] 1347 paygentic-week1 -> 6630 stored so far
11:01:23 INFO    [devfolio] paygentic-week4 sweep 1 (size=200): 3 unique of 3 reported
11:01:23 INFO    [devfolio] 1348 paygentic-week4 -> 6633 stored so far
11:01:24 INFO    [devfolio] threx-1 sweep 1 (size=200): 0 unique of 0 reported
11:01:24 INFO    [devfolio] 1349 threx-1 -> 6633 stored so far
11:01:24 INFO    [devfolio] threx-1 had no prize-winners (winners are often announced weeks after a hackathon ends)
11:01:25 INFO    [devfolio] build-with-gemma-bengaluru-ai-sprint sweep 1 (size=200): 0 unique of 0 reported
11:01:25 INFO    [devfolio] 1350 build-with-gemma-bengaluru-ai-sprint -> 6633 stored so far
11:01:25 INFO    [devfolio] build-with-gemma-bengaluru-ai-sprint had no prize-winners (winners are often announced weeks after a hackathon ends)
11:01:26 INFO    [devfolio] hackvsit-7 sweep 1 (size=200): 0 unique of 0 reported
11:01:26 INFO    [devfolio] 1351 hackvsit-7 -> 6633 stored so far
11:01:26 INFO    [devfolio] hackvsit-7 had no prize-winners (winners are often announced weeks after a hackathon ends)
11:01:27 INFO    [devfolio] the-continuum sweep 1 (size=200): 0 unique of 0 reported
11:01:27 INFO    [devfolio] 1352 the-continuum -> 6633 stored so far
11:01:27 INFO    [devfolio] the-continuum had no prize-winners (winners are often announced weeks after a hackathon ends)
11:01:30 INFO    [devfolio] agentic-commerce sweep 1 (size=200): 12 unique of 12 reported
11:01:31 INFO    [devfolio] 1353 agentic-commerce -> 6645 stored so far
11:01:31 INFO    [devfolio] futureforge-hackathon sweep 1 (size=200): 0 unique of 0 reported
11:01:31 INFO    [devfolio] 1354 futureforge-hackathon -> 6645 stored so far
11:01:31 INFO    [devfolio] futureforge-hackathon had no prize-winners (winners are often announced weeks after a hackathon ends)
11:01:32 INFO    [devfolio] vynorae sweep 1 (size=200): 0 unique of 0 reported
11:01:32 INFO    [devfolio] 1355 vynorae -> 6645 stored so far
11:01:32 INFO    [devfolio] vynorae had no prize-winners (winners are often announced weeks after a hackathon ends)
11:01:34 INFO    [devfolio] road-to-devcon-nitk-surathkal sweep 1 (size=200): 0 unique of 0 reported
11:01:34 INFO    [devfolio] 1356 road-to-devcon-nitk-surathkal -> 6645 stored so far
11:01:34 INFO    [devfolio] road-to-devcon-nitk-surathkal had no prize-winners (winners are often announced weeks after a hackathon ends)
11:01:35 INFO    [devfolio] hyperfusion sweep 1 (size=200): 0 unique of 0 reported
11:01:35 INFO    [devfolio] 1357 hyperfusion -> 6645 stored so far
11:01:35 INFO    [devfolio] hyperfusion had no prize-winners (winners are often announced weeks after a hackathon ends)
11:01:38 INFO    [devfolio] hacktropica2k26 sweep 1 (size=200): 13 unique of 13 reported
11:01:38 INFO    [devfolio] 1358 hacktropica2k26 -> 6658 stored so far
11:01:39 INFO    [devfolio] futureescape sweep 1 (size=200): 0 unique of 0 reported
11:01:39 INFO    [devfolio] 1359 futureescape -> 6658 stored so far
11:01:39 INFO    [devfolio] futureescape had no prize-winners (winners are often announced weeks after a hackathon ends)
11:01:40 INFO    [devfolio] codehack sweep 1 (size=200): 0 unique of 0 reported
11:01:40 INFO    [devfolio] 1360 codehack -> 6658 stored so far
11:01:40 INFO    [devfolio] codehack had no prize-winners (winners are often announced weeks after a hackathon ends)
11:01:41 INFO    [devfolio] smart-india-hackathon-internal-nit-sikkim sweep 1 (size=200): 0 unique of 0 reported
11:01:41 INFO    [devfolio] 1361 smart-india-hackathon-internal-nit-sikkim -> 6658 stored so far
11:01:41 INFO    [devfolio] smart-india-hackathon-internal-nit-sikkim had no prize-winners (winners are often announced weeks after a hackathon ends)
11:01:42 INFO    [devfolio] buildday sweep 1 (size=200): 0 unique of 0 reported
11:01:42 INFO    [devfolio] 1362 buildday -> 6658 stored so far
11:01:42 INFO    [devfolio] buildday had no prize-winners (winners are often announced weeks after a hackathon ends)
11:01:44 INFO    [devfolio] hackorelay-3 sweep 1 (size=200): 0 unique of 0 reported
11:01:44 INFO    [devfolio] 1363 hackorelay-3 -> 6658 stored so far
11:01:44 INFO    [devfolio] hackorelay-3 had no prize-winners (winners are often announced weeks after a hackathon ends)
11:01:45 INFO    [devfolio] vortex-1 sweep 1 (size=200): 0 unique of 0 reported
11:01:45 INFO    [devfolio] 1364 vortex-1 -> 6658 stored so far
11:01:45 INFO    [devfolio] vortex-1 had no prize-winners (winners are often announced weeks after a hackathon ends)
11:01:46 INFO    [devfolio] codecraft-challenge sweep 1 (size=200): 0 unique of 0 reported
11:01:46 INFO    [devfolio] 1365 codecraft-challenge -> 6658 stored so far
11:01:46 INFO    [devfolio] codecraft-challenge had no prize-winners (winners are often announced weeks after a hackathon ends)
11:01:47 INFO    [devfolio] madweb sweep 1 (size=200): 0 unique of 0 reported
11:01:47 INFO    [devfolio] 1366 madweb -> 6658 stored so far
11:01:47 INFO    [devfolio] madweb had no prize-winners (winners are often announced weeks after a hackathon ends)
11:01:49 INFO    [devfolio] iecse-x-tda-hackathon sweep 1 (size=200): 0 unique of 0 reported
11:01:49 INFO    [devfolio] 1367 iecse-x-tda-hackathon -> 6658 stored so far
11:01:49 INFO    [devfolio] iecse-x-tda-hackathon had no prize-winners (winners are often announced weeks after a hackathon ends)
11:01:50 INFO    [devfolio] technosis sweep 1 (size=200): 0 unique of 0 reported
11:01:50 INFO    [devfolio] 1368 technosis -> 6658 stored so far
11:01:50 INFO    [devfolio] technosis had no prize-winners (winners are often announced weeks after a hackathon ends)
11:01:51 INFO    [devfolio] prephacks-2023 sweep 1 (size=200): 0 unique of 0 reported
11:01:51 INFO    [devfolio] 1369 prephacks-2023 -> 6658 stored so far
11:01:51 INFO    [devfolio] prephacks-2023 had no prize-winners (winners are often announced weeks after a hackathon ends)
11:01:52 INFO    [devfolio] nohohacks sweep 1 (size=200): 0 unique of 0 reported
11:01:52 INFO    [devfolio] 1370 nohohacks -> 6658 stored so far
11:01:52 INFO    [devfolio] nohohacks had no prize-winners (winners are often announced weeks after a hackathon ends)
11:01:55 INFO    [devfolio] vishwakarma-hackforge sweep 1 (size=200): 2 unique of 2 reported
11:01:55 INFO    [devfolio] 1371 vishwakarma-hackforge -> 6660 stored so far
11:01:56 INFO    [devfolio] buildorahackathon sweep 1 (size=200): 0 unique of 0 reported
11:01:56 INFO    [devfolio] 1372 buildorahackathon -> 6660 stored so far
11:01:56 INFO    [devfolio] buildorahackathon had no prize-winners (winners are often announced weeks after a hackathon ends)
11:01:58 INFO    [devfolio] auraflix sweep 1 (size=200): 0 unique of 0 reported
11:01:58 INFO    [devfolio] 1373 auraflix -> 6660 stored so far
11:01:58 INFO    [devfolio] auraflix had no prize-winners (winners are often announced weeks after a hackathon ends)
11:01:59 INFO    [devfolio] metamorph-2 sweep 1 (size=200): 0 unique of 0 reported
11:01:59 INFO    [devfolio] 1374 metamorph-2 -> 6660 stored so far
11:01:59 INFO    [devfolio] metamorph-2 had no prize-winners (winners are often announced weeks after a hackathon ends)
11:02:00 INFO    [devfolio] convergence1 sweep 1 (size=200): 0 unique of 0 reported
11:02:00 INFO    [devfolio] 1375 convergence1 -> 6660 stored so far
11:02:00 INFO    [devfolio] convergence1 had no prize-winners (winners are often announced weeks after a hackathon ends)
11:02:01 INFO    [devfolio] codeutsava-x sweep 1 (size=200): 0 unique of 0 reported
11:02:01 INFO    [devfolio] 1376 codeutsava-x -> 6660 stored so far
11:02:01 INFO    [devfolio] codeutsava-x had no prize-winners (winners are often announced weeks after a hackathon ends)
11:02:03 INFO    [devfolio] synexhack sweep 1 (size=200): 0 unique of 0 reported
11:02:03 INFO    [devfolio] 1377 synexhack -> 6660 stored so far
11:02:03 INFO    [devfolio] synexhack had no prize-winners (winners are often announced weeks after a hackathon ends)
11:02:06 INFO    [devfolio] muba-hackathon sweep 1 (size=200): 30 unique of 30 reported
11:02:06 INFO    [devfolio] 1378 muba-hackathon -> 6690 stored so far
11:02:07 INFO    [devfolio] hacknex-season-2 sweep 1 (size=200): 0 unique of 0 reported
11:02:07 INFO    [devfolio] 1379 hacknex-season-2 -> 6690 stored so far
11:02:07 INFO    [devfolio] hacknex-season-2 had no prize-winners (winners are often announced weeks after a hackathon ends)
11:02:08 INFO    [devfolio] tum sweep 1 (size=200): 0 unique of 0 reported
11:02:08 INFO    [devfolio] 1380 tum -> 6690 stored so far
11:02:08 INFO    [devfolio] tum had no prize-winners (winners are often announced weeks after a hackathon ends)
11:02:09 INFO    [devfolio] hackrit2026 sweep 1 (size=200): 0 unique of 0 reported
11:02:09 INFO    [devfolio] 1381 hackrit2026 -> 6690 stored so far
11:02:09 INFO    [devfolio] hackrit2026 had no prize-winners (winners are often announced weeks after a hackathon ends)
11:02:11 INFO    [devfolio] hackbios2k26 sweep 1 (size=200): 0 unique of 0 reported
11:02:11 INFO    [devfolio] 1382 hackbios2k26 -> 6690 stored so far
11:02:11 INFO    [devfolio] hackbios2k26 had no prize-winners (winners are often announced weeks after a hackathon ends)
11:02:12 INFO    [devfolio] hacktopusgdg sweep 1 (size=200): 0 unique of 0 reported
11:02:12 INFO    [devfolio] 1383 hacktopusgdg -> 6690 stored so far
11:02:12 INFO    [devfolio] hacktopusgdg had no prize-winners (winners are often announced weeks after a hackathon ends)
11:02:13 INFO    [devfolio] layout sweep 1 (size=200): 0 unique of 0 reported
11:02:13 INFO    [devfolio] 1384 layout -> 6690 stored so far
11:02:13 INFO    [devfolio] layout had no prize-winners (winners are often announced weeks after a hackathon ends)
11:02:14 INFO    [devfolio] nocode-startup sweep 1 (size=200): 0 unique of 0 reported
11:02:14 INFO    [devfolio] 1385 nocode-startup -> 6690 stored so far
11:02:14 INFO    [devfolio] nocode-startup had no prize-winners (winners are often announced weeks after a hackathon ends)
11:02:15 INFO    [devfolio] technocean sweep 1 (size=200): 0 unique of 0 reported
11:02:15 INFO    [devfolio] 1386 technocean -> 6690 stored so far
11:02:15 INFO    [devfolio] technocean had no prize-winners (winners are often announced weeks after a hackathon ends)
11:02:17 INFO    [devfolio] osdhack23 sweep 1 (size=200): 0 unique of 0 reported
11:02:17 INFO    [devfolio] 1387 osdhack23 -> 6690 stored so far
11:02:17 INFO    [devfolio] osdhack23 had no prize-winners (winners are often announced weeks after a hackathon ends)
11:02:18 INFO    [devfolio] hackonchain sweep 1 (size=200): 0 unique of 0 reported
11:02:18 INFO    [devfolio] 1388 hackonchain -> 6690 stored so far
11:02:18 INFO    [devfolio] hackonchain had no prize-winners (winners are often announced weeks after a hackathon ends)
11:02:20 INFO    [devfolio] hacknovate2 sweep 1 (size=200): 4 unique of 4 reported
11:02:20 INFO    [devfolio] 1389 hacknovate2 -> 6694 stored so far
11:02:22 INFO    [devfolio] doubleslash-ieee-jaduniv sweep 1 (size=200): 15 unique of 15 reported
11:02:23 INFO    [devfolio] 1390 doubleslash-ieee-jaduniv -> 6709 stored so far
11:02:25 INFO    [devfolio] mozohack-3 sweep 1 (size=200): 10 unique of 10 reported
11:02:25 INFO    [devfolio] 1391 mozohack-3 -> 6719 stored so far
11:02:27 INFO    [devfolio] hackout2021 sweep 1 (size=200): 9 unique of 9 reported
11:02:27 INFO    [devfolio] 1392 hackout2021 -> 6728 stored so far
11:02:30 INFO    [devfolio] summermeetup sweep 1 (size=200): 5 unique of 5 reported
11:02:30 INFO    [devfolio] 1393 summermeetup -> 6733 stored so far
11:02:32 INFO    [devfolio] ingenius sweep 1 (size=200): 15 unique of 15 reported
11:02:32 INFO    [devfolio] 1394 ingenius -> 6748 stored so far
11:02:34 INFO    [devfolio] mozohack sweep 1 (size=200): 7 unique of 7 reported
11:02:35 INFO    [devfolio] 1395 mozohack -> 6755 stored so far
11:02:37 INFO    [devfolio] hackverse2021 sweep 1 (size=200): 17 unique of 17 reported
11:02:37 INFO    [devfolio] 1396 hackverse2021 -> 6772 stored so far
11:02:39 INFO    [devfolio] utkalhacks2021 sweep 1 (size=200): 5 unique of 5 reported
11:02:39 INFO    [devfolio] 1397 utkalhacks2021 -> 6777 stored so far
11:02:42 INFO    [devfolio] reva-hack sweep 1 (size=200): 15 unique of 15 reported
11:02:42 INFO    [devfolio] 1398 reva-hack -> 6792 stored so far
11:02:44 INFO    [devfolio] octahacks4 sweep 1 (size=200): 20 unique of 20 reported
11:02:44 INFO    [devfolio] 1399 octahacks4 -> 6812 stored so far
11:02:46 INFO    [devfolio] cyberquest sweep 1 (size=200): 14 unique of 14 reported
11:02:47 INFO    [devfolio] 1400 cyberquest -> 6826 stored so far
11:02:49 INFO    [devfolio] the-maker-mela-hackathon sweep 1 (size=200): 3 unique of 3 reported
11:02:49 INFO    [devfolio] 1401 the-maker-mela-hackathon -> 6829 stored so far
11:02:51 INFO    [devfolio] hackademic sweep 1 (size=200): 4 unique of 4 reported
11:02:51 INFO    [devfolio] 1402 hackademic -> 6833 stored so far
11:02:54 INFO    [devfolio] haxplore-v2 sweep 1 (size=200): 5 unique of 5 reported
11:02:54 INFO    [devfolio] 1403 haxplore-v2 -> 6838 stored so far
11:02:56 INFO    [devfolio] hacktu2 sweep 1 (size=200): 3 unique of 3 reported
11:02:56 INFO    [devfolio] 1404 hacktu2 -> 6841 stored so far
11:02:59 INFO    [devfolio] devsprint sweep 1 (size=200): 11 unique of 11 reported
11:02:59 INFO    [devfolio] 1405 devsprint -> 6852 stored so far
11:03:01 INFO    [devfolio] code-odyssey sweep 1 (size=200): 8 unique of 8 reported
11:03:01 INFO    [devfolio] 1406 code-odyssey -> 6860 stored so far
11:03:04 INFO    [devfolio] saddahack sweep 1 (size=200): 3 unique of 3 reported
11:03:04 INFO    [devfolio] 1407 saddahack -> 6863 stored so far
11:03:06 INFO    [devfolio] devjams1 sweep 1 (size=200): 3 unique of 3 reported
11:03:06 INFO    [devfolio] 1408 devjams1 -> 6866 stored so far
11:03:09 INFO    [devfolio] technex-hackathon-21 sweep 1 (size=200): 2 unique of 2 reported
11:03:09 INFO    [devfolio] 1409 technex-hackathon-21 -> 6868 stored so far
11:03:10 INFO    [devfolio] dtuweb3 sweep 1 (size=200): 0 unique of 0 reported
11:03:10 INFO    [devfolio] 1410 dtuweb3 -> 6868 stored so far
11:03:10 INFO    [devfolio] dtuweb3 had no prize-winners (winners are often announced weeks after a hackathon ends)
11:03:11 INFO    [devfolio] iemhacks sweep 1 (size=200): 0 unique of 0 reported
11:03:11 INFO    [devfolio] 1411 iemhacks -> 6868 stored so far
11:03:11 INFO    [devfolio] iemhacks had no prize-winners (winners are often announced weeks after a hackathon ends)
11:03:12 INFO    [devfolio] talos-hackathon sweep 1 (size=200): 0 unique of 0 reported
11:03:12 INFO    [devfolio] 1412 talos-hackathon -> 6868 stored so far
11:03:12 INFO    [devfolio] talos-hackathon had no prize-winners (winners are often announced weeks after a hackathon ends)
11:03:14 INFO    [devfolio] opencode22 sweep 1 (size=200): 0 unique of 0 reported
11:03:14 INFO    [devfolio] 1413 opencode22 -> 6868 stored so far
11:03:14 INFO    [devfolio] opencode22 had no prize-winners (winners are often announced weeks after a hackathon ends)
11:03:15 INFO    [devfolio] buidl-for-the-future sweep 1 (size=200): 0 unique of 0 reported
11:03:15 INFO    [devfolio] 1414 buidl-for-the-future -> 6868 stored so far
11:03:15 INFO    [devfolio] buidl-for-the-future had no prize-winners (winners are often announced weeks after a hackathon ends)
11:03:16 INFO    [devfolio] hack-dev sweep 1 (size=200): 0 unique of 0 reported
11:03:16 INFO    [devfolio] 1415 hack-dev -> 6868 stored so far
11:03:16 INFO    [devfolio] hack-dev had no prize-winners (winners are often announced weeks after a hackathon ends)
11:03:17 INFO    [devfolio] bg-mania sweep 1 (size=200): 0 unique of 0 reported
11:03:17 INFO    [devfolio] 1416 bg-mania -> 6868 stored so far
11:03:17 INFO    [devfolio] bg-mania had no prize-winners (winners are often announced weeks after a hackathon ends)
11:03:18 INFO    [devfolio] innov-hack sweep 1 (size=200): 0 unique of 0 reported
11:03:18 INFO    [devfolio] 1417 innov-hack -> 6868 stored so far
11:03:18 INFO    [devfolio] innov-hack had no prize-winners (winners are often announced weeks after a hackathon ends)
11:03:20 INFO    [devfolio] bharat-techxperience sweep 1 (size=200): 0 unique of 0 reported
11:03:20 INFO    [devfolio] 1418 bharat-techxperience -> 6868 stored so far
11:03:20 INFO    [devfolio] bharat-techxperience had no prize-winners (winners are often announced weeks after a hackathon ends)
11:03:21 INFO    [devfolio] hack-tech-trek sweep 1 (size=200): 0 unique of 0 reported
11:03:21 INFO    [devfolio] 1419 hack-tech-trek -> 6868 stored so far
11:03:21 INFO    [devfolio] hack-tech-trek had no prize-winners (winners are often announced weeks after a hackathon ends)
11:03:23 INFO    [devfolio] hack4tkm sweep 1 (size=200): 6 unique of 6 reported
11:03:23 INFO    [devfolio] 1420 hack4tkm -> 6874 stored so far
11:03:26 INFO    [devfolio] mecia-hacks sweep 1 (size=200): 20 unique of 20 reported
11:03:26 INFO    [devfolio] 1421 mecia-hacks -> 6894 stored so far
11:03:27 INFO    [devfolio] amuhacks sweep 1 (size=200): 0 unique of 0 reported
11:03:27 INFO    [devfolio] 1422 amuhacks -> 6894 stored so far
11:03:27 INFO    [devfolio] amuhacks had no prize-winners (winners are often announced weeks after a hackathon ends)
11:03:28 INFO    [devfolio] bfcet-hack-o sweep 1 (size=200): 0 unique of 0 reported
11:03:28 INFO    [devfolio] 1423 bfcet-hack-o -> 6894 stored so far
11:03:28 INFO    [devfolio] bfcet-hack-o had no prize-winners (winners are often announced weeks after a hackathon ends)
11:03:29 INFO    [devfolio] healthack sweep 1 (size=200): 0 unique of 0 reported
11:03:29 INFO    [devfolio] 1424 healthack -> 6894 stored so far
11:03:29 INFO    [devfolio] healthack had no prize-winners (winners are often announced weeks after a hackathon ends)
11:03:30 INFO    [devfolio] dojima-hackathon-january sweep 1 (size=200): 0 unique of 0 reported
11:03:30 INFO    [devfolio] 1425 dojima-hackathon-january -> 6894 stored so far
11:03:30 INFO    [devfolio] dojima-hackathon-january had no prize-winners (winners are often announced weeks after a hackathon ends)
11:03:32 INFO    [devfolio] hackbvicam sweep 1 (size=200): 0 unique of 0 reported
11:03:32 INFO    [devfolio] 1426 hackbvicam -> 6894 stored so far
11:03:32 INFO    [devfolio] hackbvicam had no prize-winners (winners are often announced weeks after a hackathon ends)
11:03:33 INFO    [devfolio] gardividyapithim22 sweep 1 (size=200): 0 unique of 0 reported
11:03:33 INFO    [devfolio] 1427 gardividyapithim22 -> 6894 stored so far
11:03:33 INFO    [devfolio] gardividyapithim22 had no prize-winners (winners are often announced weeks after a hackathon ends)
11:03:34 INFO    [devfolio] celo-india-fellowship sweep 1 (size=200): 0 unique of 0 reported
11:03:34 INFO    [devfolio] 1428 celo-india-fellowship -> 6894 stored so far
11:03:34 INFO    [devfolio] celo-india-fellowship had no prize-winners (winners are often announced weeks after a hackathon ends)
11:03:35 INFO    [devfolio] tezos-india-fellowship sweep 1 (size=200): 0 unique of 0 reported
11:03:35 INFO    [devfolio] 1429 tezos-india-fellowship -> 6894 stored so far
11:03:35 INFO    [devfolio] tezos-india-fellowship had no prize-winners (winners are often announced weeks after a hackathon ends)
11:03:37 INFO    [devfolio] tenet sweep 1 (size=200): 0 unique of 0 reported
11:03:37 INFO    [devfolio] 1430 tenet -> 6894 stored so far
11:03:37 INFO    [devfolio] tenet had no prize-winners (winners are often announced weeks after a hackathon ends)
11:03:37 INFO    [devfolio] datalytics sweep 1 (size=200): 0 unique of 0 reported
11:03:37 INFO    [devfolio] 1431 datalytics -> 6894 stored so far
11:03:37 INFO    [devfolio] datalytics had no prize-winners (winners are often announced weeks after a hackathon ends)
11:03:39 INFO    [devfolio] innerve-hacks sweep 1 (size=200): 0 unique of 0 reported
11:03:39 INFO    [devfolio] 1432 innerve-hacks -> 6894 stored so far
11:03:39 INFO    [devfolio] innerve-hacks had no prize-winners (winners are often announced weeks after a hackathon ends)
11:03:40 INFO    [devfolio] ingenious-hack sweep 1 (size=200): 0 unique of 0 reported
11:03:40 INFO    [devfolio] 1433 ingenious-hack -> 6894 stored so far
11:03:40 INFO    [devfolio] ingenious-hack had no prize-winners (winners are often announced weeks after a hackathon ends)
11:03:41 INFO    [devfolio] hackbythebeach sweep 1 (size=200): 0 unique of 0 reported
11:03:41 INFO    [devfolio] 1434 hackbythebeach -> 6894 stored so far
11:03:41 INFO    [devfolio] hackbythebeach had no prize-winners (winners are often announced weeks after a hackathon ends)
11:03:42 INFO    [devfolio] hackbout sweep 1 (size=200): 0 unique of 0 reported
11:03:42 INFO    [devfolio] 1435 hackbout -> 6894 stored so far
11:03:42 INFO    [devfolio] hackbout had no prize-winners (winners are often announced weeks after a hackathon ends)
11:03:44 INFO    [devfolio] hackinfinity sweep 1 (size=200): 0 unique of 0 reported
11:03:44 INFO    [devfolio] 1436 hackinfinity -> 6894 stored so far
11:03:44 INFO    [devfolio] hackinfinity had no prize-winners (winners are often announced weeks after a hackathon ends)
11:03:45 INFO    [devfolio] hackout sweep 1 (size=200): 0 unique of 0 reported
11:03:45 INFO    [devfolio] 1437 hackout -> 6894 stored so far
11:03:45 INFO    [devfolio] hackout had no prize-winners (winners are often announced weeks after a hackathon ends)
11:03:46 INFO    [devfolio] hacknuthon2020 sweep 1 (size=200): 0 unique of 0 reported
11:03:46 INFO    [devfolio] 1438 hacknuthon2020 -> 6894 stored so far
11:03:46 INFO    [devfolio] hacknuthon2020 had no prize-winners (winners are often announced weeks after a hackathon ends)
11:03:47 INFO    [devfolio] pasckathon2-0 sweep 1 (size=200): 0 unique of 0 reported
11:03:47 INFO    [devfolio] 1439 pasckathon2-0 -> 6894 stored so far
11:03:47 INFO    [devfolio] pasckathon2-0 had no prize-winners (winners are often announced weeks after a hackathon ends)
11:03:48 INFO    [devfolio] hackathon59 sweep 1 (size=200): 0 unique of 0 reported
11:03:48 INFO    [devfolio] 1440 hackathon59 -> 6894 stored so far
11:03:48 INFO    [devfolio] hackathon59 had no prize-winners (winners are often announced weeks after a hackathon ends)
11:03:49 INFO    [devfolio] spit-hackathon sweep 1 (size=200): 0 unique of 0 reported
11:03:49 INFO    [devfolio] 1441 spit-hackathon -> 6894 stored so far
11:03:49 INFO    [devfolio] spit-hackathon had no prize-winners (winners are often announced weeks after a hackathon ends)
11:03:51 INFO    [devfolio] hacknsut sweep 1 (size=200): 0 unique of 0 reported
11:03:51 INFO    [devfolio] 1442 hacknsut -> 6894 stored so far
11:03:51 INFO    [devfolio] hacknsut had no prize-winners (winners are often announced weeks after a hackathon ends)
11:03:52 INFO    [devfolio] hackiiitd sweep 1 (size=200): 0 unique of 0 reported
11:03:52 INFO    [devfolio] 1443 hackiiitd -> 6894 stored so far
11:03:52 INFO    [devfolio] hackiiitd had no prize-winners (winners are often announced weeks after a hackathon ends)
11:03:53 INFO    [devfolio] hackstudio sweep 1 (size=200): 0 unique of 0 reported
11:03:53 INFO    [devfolio] 1444 hackstudio -> 6894 stored so far
11:03:53 INFO    [devfolio] hackstudio had no prize-winners (winners are often announced weeks after a hackathon ends)
11:03:54 INFO    [devfolio] innerve-data-hackathon sweep 1 (size=200): 0 unique of 0 reported
11:03:54 INFO    [devfolio] 1445 innerve-data-hackathon -> 6894 stored so far
11:03:54 INFO    [devfolio] innerve-data-hackathon had no prize-winners (winners are often announced weeks after a hackathon ends)
11:03:55 INFO    [devfolio] hackout-iiita sweep 1 (size=200): 0 unique of 0 reported
11:03:55 INFO    [devfolio] 1446 hackout-iiita -> 6894 stored so far
11:03:55 INFO    [devfolio] hackout-iiita had no prize-winners (winners are often announced weeks after a hackathon ends)
11:03:56 INFO    [devfolio] hacktu sweep 1 (size=200): 0 unique of 0 reported
11:03:56 INFO    [devfolio] 1447 hacktu -> 6894 stored so far
11:03:56 INFO    [devfolio] hacktu had no prize-winners (winners are often announced weeks after a hackathon ends)
11:03:58 INFO    [devfolio] imaginehack sweep 1 (size=200): 0 unique of 0 reported
11:03:58 INFO    [devfolio] 1448 imaginehack -> 6894 stored so far
11:03:58 INFO    [devfolio] imaginehack had no prize-winners (winners are often announced weeks after a hackathon ends)
11:03:59 INFO    [devfolio] hackphoria sweep 1 (size=200): 0 unique of 0 reported
11:03:59 INFO    [devfolio] 1449 hackphoria -> 6894 stored so far
11:03:59 INFO    [devfolio] hackphoria had no prize-winners (winners are often announced weeks after a hackathon ends)
11:04:00 INFO    [devfolio] wiehack-online sweep 1 (size=200): 0 unique of 0 reported
11:04:00 INFO    [devfolio] 1450 wiehack-online -> 6894 stored so far
11:04:00 INFO    [devfolio] wiehack-online had no prize-winners (winners are often announced weeks after a hackathon ends)
11:04:02 INFO    [devfolio] hacknsut-5 sweep 1 (size=200): 0 unique of 0 reported
11:04:02 INFO    [devfolio] 1451 hacknsut-5 -> 6894 stored so far
11:04:02 INFO    [devfolio] hacknsut-5 had no prize-winners (winners are often announced weeks after a hackathon ends)
11:04:04 INFO    [devfolio] hackstreet sweep 1 (size=200): 4 unique of 4 reported
11:04:04 INFO    [devfolio] 1452 hackstreet -> 6898 stored so far
11:04:05 INFO    [devfolio] ideax sweep 1 (size=200): 0 unique of 0 reported
11:04:05 INFO    [devfolio] 1453 ideax -> 6898 stored so far
11:04:05 INFO    [devfolio] ideax had no prize-winners (winners are often announced weeks after a hackathon ends)
11:04:08 INFO    [devfolio] eas-onchain-summer sweep 1 (size=200): 5 unique of 5 reported
11:04:08 INFO    [devfolio] 1454 eas-onchain-summer -> 6903 stored so far
11:04:10 INFO    [devfolio] hackistica-24 sweep 1 (size=200): 1 unique of 1 reported
11:04:10 INFO    [devfolio] 1455 hackistica-24 -> 6904 stored so far
11:04:11 INFO    [devfolio] nimbus-open-exhibition sweep 1 (size=200): 0 unique of 0 reported
11:04:11 INFO    [devfolio] 1456 nimbus-open-exhibition -> 6904 stored so far
11:04:11 INFO    [devfolio] nimbus-open-exhibition had no prize-winners (winners are often announced weeks after a hackathon ends)
11:04:13 INFO    [devfolio] nextniche sweep 1 (size=200): 0 unique of 0 reported
11:04:13 INFO    [devfolio] 1457 nextniche -> 6904 stored so far
11:04:13 INFO    [devfolio] nextniche had no prize-winners (winners are often announced weeks after a hackathon ends)
11:04:14 INFO    [devfolio] the-blue-bit-2 sweep 1 (size=200): 0 unique of 0 reported
11:04:14 INFO    [devfolio] 1458 the-blue-bit-2 -> 6904 stored so far
11:04:14 INFO    [devfolio] the-blue-bit-2 had no prize-winners (winners are often announced weeks after a hackathon ends)
11:04:16 INFO    [devfolio] frosthack-2k24 sweep 1 (size=200): 3 unique of 3 reported
11:04:16 INFO    [devfolio] 1459 frosthack-2k24 -> 6907 stored so far
11:04:18 INFO    [devfolio] hacknite sweep 1 (size=200): 0 unique of 0 reported
11:04:18 INFO    [devfolio] 1460 hacknite -> 6907 stored so far
11:04:18 INFO    [devfolio] hacknite had no prize-winners (winners are often announced weeks after a hackathon ends)
11:04:19 INFO    [devfolio] data-protection-startup-track-by-iexec sweep 1 (size=200): 0 unique of 0 reported
11:04:19 INFO    [devfolio] 1461 data-protection-startup-track-by-iexec -> 6907 stored so far
11:04:19 INFO    [devfolio] data-protection-startup-track-by-iexec had no prize-winners (winners are often announced weeks after a hackathon ends)
11:04:21 INFO    [devfolio] lines-of-code-djsce sweep 1 (size=200): 3 unique of 3 reported
11:04:21 INFO    [devfolio] 1462 lines-of-code-djsce -> 6910 stored so far
11:04:22 INFO    [devfolio] mbmc-ideax sweep 1 (size=200): 0 unique of 0 reported
11:04:22 INFO    [devfolio] 1463 mbmc-ideax -> 6910 stored so far
11:04:22 INFO    [devfolio] mbmc-ideax had no prize-winners (winners are often announced weeks after a hackathon ends)
11:04:24 INFO    [devfolio] elevate2024 sweep 1 (size=200): 8 unique of 8 reported
11:04:25 INFO    [devfolio] 1464 elevate2024 -> 6918 stored so far
11:04:26 INFO    [devfolio] based-hacks sweep 1 (size=200): 0 unique of 0 reported
11:04:26 INFO    [devfolio] 1465 based-hacks -> 6918 stored so far
11:04:26 INFO    [devfolio] based-hacks had no prize-winners (winners are often announced weeks after a hackathon ends)
11:04:28 INFO    [devfolio] hackbvp6 sweep 1 (size=200): 2 unique of 2 reported
11:04:28 INFO    [devfolio] 1466 hackbvp6 -> 6920 stored so far
11:04:29 INFO    [devfolio] hackwithindia sweep 1 (size=200): 0 unique of 0 reported
11:04:29 INFO    [devfolio] 1467 hackwithindia -> 6920 stored so far
11:04:29 INFO    [devfolio] hackwithindia had no prize-winners (winners are often announced weeks after a hackathon ends)
11:04:31 INFO    [devfolio] techx24 sweep 1 (size=200): 0 unique of 0 reported
11:04:31 INFO    [devfolio] 1468 techx24 -> 6920 stored so far
11:04:31 INFO    [devfolio] techx24 had no prize-winners (winners are often announced weeks after a hackathon ends)
11:04:32 INFO    [devfolio] ethindiagrants sweep 1 (size=200): 0 unique of 0 reported
11:04:32 INFO    [devfolio] 1469 ethindiagrants -> 6920 stored so far
11:04:32 INFO    [devfolio] ethindiagrants had no prize-winners (winners are often announced weeks after a hackathon ends)
11:04:33 INFO    [devfolio] videojam sweep 1 (size=200): 0 unique of 0 reported
11:04:33 INFO    [devfolio] 1470 videojam -> 6920 stored so far
11:04:33 INFO    [devfolio] videojam had no prize-winners (winners are often announced weeks after a hackathon ends)
11:04:34 INFO    [devfolio] buildonchain sweep 1 (size=200): 0 unique of 0 reported
11:04:34 INFO    [devfolio] 1471 buildonchain -> 6920 stored so far
11:04:34 INFO    [devfolio] buildonchain had no prize-winners (winners are often announced weeks after a hackathon ends)
11:04:36 INFO    [devfolio] devbits-24-hackathon sweep 1 (size=200): 0 unique of 0 reported
11:04:36 INFO    [devfolio] 1472 devbits-24-hackathon -> 6920 stored so far
11:04:36 INFO    [devfolio] devbits-24-hackathon had no prize-winners (winners are often announced weeks after a hackathon ends)
11:04:38 INFO    [devfolio] live-the-code-3 sweep 1 (size=200): 8 unique of 8 reported
11:04:39 INFO    [devfolio] 1473 live-the-code-3 -> 6928 stored so far
11:04:41 INFO    [devfolio] devsprintrgpv sweep 1 (size=200): 4 unique of 4 reported
11:04:41 INFO    [devfolio] 1474 devsprintrgpv -> 6932 stored so far
11:04:42 INFO    [devfolio] quantathon-o sweep 1 (size=200): 0 unique of 0 reported
11:04:42 INFO    [devfolio] 1475 quantathon-o -> 6932 stored so far
11:04:42 INFO    [devfolio] quantathon-o had no prize-winners (winners are often announced weeks after a hackathon ends)
11:04:43 INFO    [devfolio] hackuem sweep 1 (size=200): 0 unique of 0 reported
11:04:43 INFO    [devfolio] 1476 hackuem -> 6932 stored so far
11:04:43 INFO    [devfolio] hackuem had no prize-winners (winners are often announced weeks after a hackathon ends)
11:04:44 INFO    [devfolio] hackitup-msc sweep 1 (size=200): 0 unique of 0 reported
11:04:44 INFO    [devfolio] 1477 hackitup-msc -> 6932 stored so far
11:04:44 INFO    [devfolio] hackitup-msc had no prize-winners (winners are often announced weeks after a hackathon ends)
11:04:46 INFO    [devfolio] the-blue-bit-round-1 sweep 1 (size=200): 0 unique of 0 reported
11:04:46 INFO    [devfolio] 1478 the-blue-bit-round-1 -> 6932 stored so far
11:04:46 INFO    [devfolio] the-blue-bit-round-1 had no prize-winners (winners are often announced weeks after a hackathon ends)
11:04:47 INFO    [devfolio] blockhack-kba sweep 1 (size=200): 0 unique of 0 reported
11:04:47 INFO    [devfolio] 1479 blockhack-kba -> 6932 stored so far
11:04:47 INFO    [devfolio] blockhack-kba had no prize-winners (winners are often announced weeks after a hackathon ends)
11:04:48 INFO    [devfolio] aptoswinterschools2 sweep 1 (size=200): 0 unique of 0 reported
11:04:48 INFO    [devfolio] 1480 aptoswinterschools2 -> 6932 stored so far
11:04:48 INFO    [devfolio] aptoswinterschools2 had no prize-winners (winners are often announced weeks after a hackathon ends)
11:04:49 INFO    [devfolio] ctrl-alt-delete-3 sweep 1 (size=200): 0 unique of 0 reported
11:04:49 INFO    [devfolio] 1481 ctrl-alt-delete-3 -> 6932 stored so far
11:04:49 INFO    [devfolio] ctrl-alt-delete-3 had no prize-winners (winners are often announced weeks after a hackathon ends)
11:04:52 INFO    [devfolio] doubleslash3 sweep 1 (size=200): 3 unique of 3 reported
11:04:52 INFO    [devfolio] 1482 doubleslash3 -> 6935 stored so far
11:04:53 INFO    [devfolio] data2knowledge sweep 1 (size=200): 0 unique of 0 reported
11:04:53 INFO    [devfolio] 1483 data2knowledge -> 6935 stored so far
11:04:53 INFO    [devfolio] data2knowledge had no prize-winners (winners are often announced weeks after a hackathon ends)
11:04:54 INFO    [devfolio] hackblocks-2 sweep 1 (size=200): 0 unique of 0 reported
11:04:54 INFO    [devfolio] 1484 hackblocks-2 -> 6935 stored so far
11:04:54 INFO    [devfolio] hackblocks-2 had no prize-winners (winners are often announced weeks after a hackathon ends)
11:04:57 INFO    [devfolio] codeutsava-8 sweep 1 (size=200): 8 unique of 8 reported
11:04:57 INFO    [devfolio] 1485 codeutsava-8 -> 6943 stored so far
11:04:58 INFO    [devfolio] hack-the-grid-level sweep 1 (size=200): 0 unique of 0 reported
11:04:58 INFO    [devfolio] 1486 hack-the-grid-level -> 6943 stored so far
11:04:58 INFO    [devfolio] hack-the-grid-level had no prize-winners (winners are often announced weeks after a hackathon ends)
11:05:00 INFO    [devfolio] hack4help sweep 1 (size=200): 0 unique of 0 reported
11:05:00 INFO    [devfolio] 1487 hack4help -> 6943 stored so far
11:05:00 INFO    [devfolio] hack4help had no prize-winners (winners are often announced weeks after a hackathon ends)
11:05:01 INFO    [devfolio] zeros-arena-1 sweep 1 (size=200): 0 unique of 0 reported
11:05:01 INFO    [devfolio] 1488 zeros-arena-1 -> 6943 stored so far
11:05:01 INFO    [devfolio] zeros-arena-1 had no prize-winners (winners are often announced weeks after a hackathon ends)
11:05:03 INFO    [devfolio] hack-the-horizon-2 sweep 1 (size=200): 0 unique of 0 reported
11:05:03 INFO    [devfolio] 1489 hack-the-horizon-2 -> 6943 stored so far
11:05:03 INFO    [devfolio] hack-the-horizon-2 had no prize-winners (winners are often announced weeks after a hackathon ends)
11:05:05 INFO    [devfolio] nexhack sweep 1 (size=200): 3 unique of 3 reported
11:05:05 INFO    [devfolio] 1490 nexhack -> 6946 stored so far
11:05:06 INFO    [devfolio] codeblaze sweep 1 (size=200): 0 unique of 0 reported
11:05:06 INFO    [devfolio] 1491 codeblaze -> 6946 stored so far
11:05:06 INFO    [devfolio] codeblaze had no prize-winners (winners are often announced weeks after a hackathon ends)
11:05:07 INFO    [devfolio] recurzive-v2 sweep 1 (size=200): 0 unique of 0 reported
11:05:07 INFO    [devfolio] 1492 recurzive-v2 -> 6946 stored so far
11:05:07 INFO    [devfolio] recurzive-v2 had no prize-winners (winners are often announced weeks after a hackathon ends)
11:05:08 INFO    [devfolio] the-big-hack sweep 1 (size=200): 0 unique of 0 reported
11:05:08 INFO    [devfolio] 1493 the-big-hack -> 6946 stored so far
11:05:08 INFO    [devfolio] the-big-hack had no prize-winners (winners are often announced weeks after a hackathon ends)
11:05:09 INFO    [devfolio] synapse-hr-hackathon sweep 1 (size=200): 0 unique of 0 reported
11:05:09 INFO    [devfolio] 1494 synapse-hr-hackathon -> 6946 stored so far
11:05:09 INFO    [devfolio] synapse-hr-hackathon had no prize-winners (winners are often announced weeks after a hackathon ends)
11:05:11 INFO    [devfolio] ctrlaltvibe sweep 1 (size=200): 0 unique of 0 reported
11:05:11 INFO    [devfolio] 1495 ctrlaltvibe -> 6946 stored so far
11:05:11 INFO    [devfolio] ctrlaltvibe had no prize-winners (winners are often announced weeks after a hackathon ends)
11:05:12 INFO    [devfolio] hack-quanta sweep 1 (size=200): 0 unique of 0 reported
11:05:12 INFO    [devfolio] 1496 hack-quanta -> 6946 stored so far
11:05:12 INFO    [devfolio] hack-quanta had no prize-winners (winners are often announced weeks after a hackathon ends)
11:05:13 INFO    [devfolio] skill-climax-v10 sweep 1 (size=200): 0 unique of 0 reported
11:05:13 INFO    [devfolio] 1497 skill-climax-v10 -> 6946 stored so far
11:05:13 INFO    [devfolio] skill-climax-v10 had no prize-winners (winners are often announced weeks after a hackathon ends)
11:05:14 INFO    [devfolio] haulout sweep 1 (size=200): 0 unique of 0 reported
11:05:14 INFO    [devfolio] 1498 haulout -> 6946 stored so far
11:05:14 INFO    [devfolio] haulout had no prize-winners (winners are often announced weeks after a hackathon ends)
11:05:15 INFO    [devfolio] srm-global-youth-hack sweep 1 (size=200): 0 unique of 0 reported
11:05:15 INFO    [devfolio] 1499 srm-global-youth-hack -> 6946 stored so far
11:05:15 INFO    [devfolio] srm-global-youth-hack had no prize-winners (winners are often announced weeks after a hackathon ends)
11:05:17 INFO    [devfolio] build-and-connect-jharkhand sweep 1 (size=200): 0 unique of 0 reported
11:05:17 INFO    [devfolio] 1500 build-and-connect-jharkhand -> 6946 stored so far
11:05:17 INFO    [devfolio] build-and-connect-jharkhand had no prize-winners (winners are often announced weeks after a hackathon ends)
11:05:18 INFO    [devfolio] base-batches-builder-track sweep 1 (size=200): 0 unique of 0 reported
11:05:18 INFO    [devfolio] 1501 base-batches-builder-track -> 6946 stored so far
11:05:18 INFO    [devfolio] base-batches-builder-track had no prize-winners (winners are often announced weeks after a hackathon ends)
11:05:20 INFO    [devfolio] inout sweep 1 (size=200): 4 unique of 4 reported
11:05:20 INFO    [devfolio] 1502 inout -> 6950 stored so far
11:05:21 INFO    [devfolio] technex-hackthon sweep 1 (size=200): 0 unique of 0 reported
11:05:21 INFO    [devfolio] 1503 technex-hackthon -> 6950 stored so far
11:05:21 INFO    [devfolio] technex-hackthon had no prize-winners (winners are often announced weeks after a hackathon ends)
11:05:24 INFO    [devfolio] fintech-open-month-hackathon sweep 1 (size=200): 5 unique of 5 reported
11:05:24 INFO    [devfolio] 1504 fintech-open-month-hackathon -> 6955 stored so far
11:05:26 INFO    [devfolio] hack-vengers sweep 1 (size=200): 5 unique of 5 reported
11:05:27 INFO    [devfolio] 1505 hack-vengers -> 6960 stored so far
11:05:28 INFO    [devfolio] supernova-hacks sweep 1 (size=200): 0 unique of 0 reported
11:05:28 INFO    [devfolio] 1506 supernova-hacks -> 6960 stored so far
11:05:28 INFO    [devfolio] supernova-hacks had no prize-winners (winners are often announced weeks after a hackathon ends)
11:05:29 INFO    [devfolio] hackbuild sweep 1 (size=200): 0 unique of 0 reported
11:05:29 INFO    [devfolio] 1507 hackbuild -> 6960 stored so far
11:05:29 INFO    [devfolio] hackbuild had no prize-winners (winners are often announced weeks after a hackathon ends)
11:05:30 INFO    [devfolio] hackbvp sweep 1 (size=200): 0 unique of 0 reported
11:05:30 INFO    [devfolio] 1508 hackbvp -> 6960 stored so far
11:05:30 INFO    [devfolio] hackbvp had no prize-winners (winners are often announced weeks after a hackathon ends)
11:05:31 INFO    [devfolio] hackprix sweep 1 (size=200): 0 unique of 0 reported
11:05:31 INFO    [devfolio] 1509 hackprix -> 6960 stored so far
11:05:31 INFO    [devfolio] hackprix had no prize-winners (winners are often announced weeks after a hackathon ends)
11:05:34 INFO    [devfolio] hackoverflow4 sweep 1 (size=200): 3 unique of 3 reported
11:05:34 INFO    [devfolio] 1510 hackoverflow4 -> 6963 stored so far
11:05:35 INFO    [devfolio] dscquhackathon sweep 1 (size=200): 0 unique of 0 reported
11:05:35 INFO    [devfolio] 1511 dscquhackathon -> 6963 stored so far
11:05:35 INFO    [devfolio] dscquhackathon had no prize-winners (winners are often announced weeks after a hackathon ends)
11:05:37 INFO    [devfolio] hackcbs-3 sweep 1 (size=200): 16 unique of 16 reported
11:05:37 INFO    [devfolio] 1512 hackcbs-3 -> 6979 stored so far
11:05:40 INFO    [devfolio] ethplanet-hackathon sweep 1 (size=200): 3 unique of 3 reported
11:05:40 INFO    [devfolio] 1513 ethplanet-hackathon -> 6982 stored so far
11:05:42 INFO    [devfolio] flamingo sweep 1 (size=200): 5 unique of 5 reported
11:05:42 INFO    [devfolio] 1514 flamingo -> 6987 stored so far
11:05:44 INFO    [devfolio] revahack sweep 1 (size=200): 0 unique of 0 reported
11:05:44 INFO    [devfolio] 1515 revahack -> 6987 stored so far
11:05:44 INFO    [devfolio] revahack had no prize-winners (winners are often announced weeks after a hackathon ends)
11:05:46 INFO    [devfolio] ideathon-2k21 sweep 1 (size=200): 17 unique of 17 reported
11:05:46 INFO    [devfolio] 1516 ideathon-2k21 -> 7004 stored so far
11:05:49 INFO    [devfolio] ku-hackfest sweep 1 (size=200): 12 unique of 12 reported
11:05:49 INFO    [devfolio] 1517 ku-hackfest -> 7016 stored so far
11:05:50 INFO    [devfolio] innerve24hrs sweep 1 (size=200): 0 unique of 0 reported
11:05:50 INFO    [devfolio] 1518 innerve24hrs -> 7016 stored so far
11:05:50 INFO    [devfolio] innerve24hrs had no prize-winners (winners are often announced weeks after a hackathon ends)
11:05:52 INFO    [devfolio] nmims-sparkathon sweep 1 (size=200): 9 unique of 9 reported
11:05:53 INFO    [devfolio] 1519 nmims-sparkathon -> 7025 stored so far
11:05:55 INFO    [devfolio] free-your-data sweep 1 (size=200): 5 unique of 5 reported
11:05:55 INFO    [devfolio] 1520 free-your-data -> 7030 stored so far
11:05:58 INFO    [devfolio] wehack25 sweep 1 (size=200): 3 unique of 3 reported
11:05:58 INFO    [devfolio] 1521 wehack25 -> 7033 stored so far
11:05:59 INFO    [devfolio] hackbeats sweep 1 (size=200): 0 unique of 0 reported
11:05:59 INFO    [devfolio] 1522 hackbeats -> 7033 stored so far
11:05:59 INFO    [devfolio] hackbeats had no prize-winners (winners are often announced weeks after a hackathon ends)
11:06:01 INFO    [devfolio] aventus sweep 1 (size=200): 5 unique of 5 reported
11:06:01 INFO    [devfolio] 1523 aventus -> 7038 stored so far
11:06:03 INFO    [devfolio] manthan sweep 1 (size=200): 10 unique of 10 reported
11:06:03 INFO    [devfolio] 1524 manthan -> 7048 stored so far
11:06:06 INFO    [devfolio] codeshastra-8 sweep 1 (size=200): 6 unique of 6 reported
11:06:06 INFO    [devfolio] 1525 codeshastra-8 -> 7054 stored so far
11:06:08 INFO    [devfolio] out-of-context-3 sweep 1 (size=200): 10 unique of 10 reported
11:06:08 INFO    [devfolio] 1526 out-of-context-3 -> 7064 stored so far
11:06:10 INFO    [devfolio] hackshetra-23 sweep 1 (size=200): 1 unique of 1 reported
11:06:10 INFO    [devfolio] 1527 hackshetra-23 -> 7065 stored so far
11:06:13 INFO    [devfolio] indiatourpunjab sweep 1 (size=200): 9 unique of 9 reported
11:06:13 INFO    [devfolio] 1528 indiatourpunjab -> 7074 stored so far
11:06:14 INFO    [devfolio] unblock sweep 1 (size=200): 0 unique of 0 reported
11:06:14 INFO    [devfolio] 1529 unblock -> 7074 stored so far
11:06:14 INFO    [devfolio] unblock had no prize-winners (winners are often announced weeks after a hackathon ends)
11:06:16 INFO    [devfolio] codex23 sweep 1 (size=200): 5 unique of 5 reported
11:06:16 INFO    [devfolio] 1530 codex23 -> 7079 stored so far
11:06:17 INFO    [devfolio] need-for-code sweep 1 (size=200): 0 unique of 0 reported
11:06:17 INFO    [devfolio] 1531 need-for-code -> 7079 stored so far
11:06:17 INFO    [devfolio] need-for-code had no prize-winners (winners are often announced weeks after a hackathon ends)
11:06:19 INFO    [devfolio] k-hacks sweep 1 (size=200): 0 unique of 0 reported
11:06:19 INFO    [devfolio] 1532 k-hacks -> 7079 stored so far
11:06:19 INFO    [devfolio] k-hacks had no prize-winners (winners are often announced weeks after a hackathon ends)
11:06:21 INFO    [devfolio] hacknitr7 sweep 1 (size=200): 3 unique of 3 reported
11:06:21 INFO    [devfolio] 1533 hacknitr7 -> 7082 stored so far
11:06:24 INFO    [devfolio] starknet-cc sweep 1 (size=200): 7 unique of 7 reported
11:06:24 INFO    [devfolio] 1534 starknet-cc -> 7089 stored so far
11:06:26 INFO    [devfolio] hack-jmi sweep 1 (size=200): 9 unique of 9 reported
11:06:26 INFO    [devfolio] 1535 hack-jmi -> 7098 stored so far
11:06:27 INFO    [devfolio] hack-over-flow sweep 1 (size=200): 0 unique of 0 reported
11:06:27 INFO    [devfolio] 1536 hack-over-flow -> 7098 stored so far
11:06:27 INFO    [devfolio] hack-over-flow had no prize-winners (winners are often announced weeks after a hackathon ends)
11:06:29 INFO    [devfolio] revahack21 sweep 1 (size=200): 20 unique of 20 reported
11:06:29 INFO    [devfolio] 1537 revahack21 -> 7118 stored so far
11:06:32 INFO    [devfolio] magnathon sweep 1 (size=200): 19 unique of 19 reported
11:06:32 INFO    [devfolio] 1538 magnathon -> 7137 stored so far
11:06:34 INFO    [devfolio] ace-ignite sweep 1 (size=200): 3 unique of 3 reported
11:06:34 INFO    [devfolio] 1539 ace-ignite -> 7140 stored so far
11:06:36 INFO    [devfolio] hack-for-tomorrow sweep 1 (size=200): 3 unique of 3 reported
11:06:36 INFO    [devfolio] 1540 hack-for-tomorrow -> 7143 stored so far
11:06:38 INFO    [devfolio] hacknovate-4 sweep 1 (size=200): 5 unique of 5 reported
11:06:39 INFO    [devfolio] 1541 hacknovate-4 -> 7148 stored so far
11:06:40 INFO    [devfolio] ethosiitg sweep 1 (size=200): 9 unique of 9 reported
11:06:41 INFO    [devfolio] 1542 ethosiitg -> 7157 stored so far
11:06:43 INFO    [devfolio] i2c2-hackathon sweep 1 (size=200): 6 unique of 6 reported
11:06:43 INFO    [devfolio] 1543 i2c2-hackathon -> 7163 stored so far
11:06:45 INFO    [devfolio] wagmidrops sweep 1 (size=200): 0 unique of 0 reported
11:06:45 INFO    [devfolio] 1544 wagmidrops -> 7163 stored so far
11:06:45 INFO    [devfolio] wagmidrops had no prize-winners (winners are often announced weeks after a hackathon ends)
11:06:47 INFO    [devfolio] hashhacks-cic sweep 1 (size=200): 4 unique of 4 reported
11:06:47 INFO    [devfolio] 1545 hashhacks-cic -> 7167 stored so far
11:06:48 INFO    [devfolio] hack-for-india sweep 1 (size=200): 0 unique of 0 reported
11:06:48 INFO    [devfolio] 1546 hack-for-india -> 7167 stored so far
11:06:48 INFO    [devfolio] hack-for-india had no prize-winners (winners are often announced weeks after a hackathon ends)
11:06:51 INFO    [devfolio] flow-hackathon sweep 1 (size=200): 26 unique of 26 reported
11:06:51 INFO    [devfolio] 1547 flow-hackathon -> 7193 stored so far
11:06:53 INFO    [devfolio] ur-hackathon-2 sweep 1 (size=200): 15 unique of 15 reported
11:06:53 INFO    [devfolio] 1548 ur-hackathon-2 -> 7208 stored so far
11:06:55 INFO    [devfolio] tictechtoe23 sweep 1 (size=200): 3 unique of 3 reported
11:06:55 INFO    [devfolio] 1549 tictechtoe23 -> 7211 stored so far
11:06:58 INFO    [devfolio] reclaim-opensource-hackweek sweep 1 (size=200): 4 unique of 4 reported
11:06:58 INFO    [devfolio] 1550 reclaim-opensource-hackweek -> 7215 stored so far
11:07:00 INFO    [devfolio] quasar sweep 1 (size=200): 0 unique of 0 reported
11:07:00 INFO    [devfolio] 1551 quasar -> 7215 stored so far
11:07:00 INFO    [devfolio] quasar had no prize-winners (winners are often announced weeks after a hackathon ends)

stored/updated 7215 projects in data/hackathon_ideas.db
  devfolio     7215 projects    6243 winners    679 hackathons
  devpost      2261 projects    2261 winners    122 hackathons
  ethglobal    1775 projects    1775 winners     18 hackathons
